student_id,scholarship_awarded,award_date
100001,No,2021-10-04
100002,Yes,
100003,No,2023-05-14
100004,Yes,
100005,Yes,2021-07-11
100006,No,2021-08-05
100007,0,2021-09-08
100008,No,2022-02-11
100009,No,2022-01-16
100010,No,2022-04-22
100011,Yes,2023-04-12
100012,0,2022-07-14
100013,No,2021-05-04
100014,Yes,2022-10-30
100015,No,2023-08-04
100016,No,2021-01-16
100017,Yes,2022-01-26
100018,No,2022-11-03
100019,No,2022-06-13
100020,Yes,2021-01-10
100021,No,2021-04-05
100022,N,2023-08-08
100023,No,2021-03-16
100024,yes,2022-10-09
100025,Yes,2023-07-25
100026,No,2023-04-15
100027,True,2022-10-12
100028,No,2021-02-08
100029,No,2021-12-22
100030,No,2022-09-03
100031,No,2022-02-06
100032,No,2021-03-06
100033,Yes,2023-06-13
100034,No,2022-05-27
100035,Yes,2023-06-22
100036,Yes,2022-05-20
100037,No,2023-01-11
100038,Yes,2022-05-29
100039,No,2021-07-09
100040,yes,2021-08-12
100041,No,2022-07-15
100042,Yes,2022-10-30
100043,Yes,2022-09-22
100044,Yes,2022-04-08
100045,Yes,2022-03-26
100046,No,2021-07-20
100047,No,2023-04-15
100048,Yes,2021-10-09
100049,No,
100050,No,2022-08-22
100051,No,2021-08-20
100052,No,2022-09-22
100053,yes,2022-02-06
100054,no,2022-09-22
100055,Yes,2022-08-07
100056,No,
100057,Yes,2021-06-19
100058,No,2023-08-03
100059,Yes,2022-10-21
100060,No,2021-09-13
100061,YES,2021-09-02
100062,No,2021-07-24
100063,False,2022-06-25
100064,1,2022-09-10
100065,No,2022-10-30
100066,No,2023-04-20
100067,No,
100068,No,2023-08-18
100069,Yes,2022-01-08
100070,Yes,2022-02-13
100071,No,2021-11-17
100072,No,2022-12-06
100073,No,2021-02-09
100074,False,2022-03-12
100075,Yes,2022-05-18
100076,No,2023-01-04
100077,No,2022-06-14
100078,No,2021-06-18
100079,0,2022-07-09
100080,No,2022-01-23
100081,No,2022-03-04
100082,No,2023-02-04
100083,No,2021-04-18
100084,No,2022-08-26
100085,Yes,2022-09-21
100086,No,2023-02-11
100087,No,2022-08-19
100088,0,2021-12-31
100089,Yes,2021-01-16
100090,No,2022-06-09
100091,No,2021-09-12
100092,No,2021-08-25
100093,Yes,2022-03-26
100094,N,2022-06-26
100095,No,2021-02-01
100096,No,2021-02-20
100097,Yes,
100098,Yes,2022-10-25
100099,No,2023-03-12
100100,No,2023-03-04
100101,No,2023-08-09
100102,No,2021-02-25
100103,No,2021-10-14
100104,No,2022-12-25
100105,Yes,2023-07-08
100106,No,2023-01-21
100107,NO,2023-05-31
100108,No,2021-02-24
100109,Yes,2022-07-10
100110,Yes,2021-04-22
100111,No,2023-08-26
100112,no,2023-06-01
100113,No,2021-05-22
100114,False,2023-03-30
100115,No,2023-05-28
100116,no,
100117,No,2023-04-11
100118,No,2023-03-16
100119,no,2021-04-13
100120,Yes,2022-11-30
100121,Yes,2022-08-30
100122,No,2021-05-27
100123,NO,2022-09-19
100124,Yes,2022-03-31
100125,No,2021-02-13
100126,No,2023-03-16
100127,Y,2022-12-20
100128,No,2021-04-07
100129,No,2022-03-03
100130,No,2021-11-03
100131,No,2022-03-04
100132,No,2023-06-04
100133,Yes,2022-10-18
100134,No,2022-11-01
100135,Yes,2023-04-24
100136,No,2022-01-25
100137,No,2023-07-31
100138,No,2023-05-08
100139,No,2022-08-18
100140,no,2021-04-09
100141,YES,2022-08-18
100142,No,2021-06-23
100143,No,2021-02-08
100144,0,2021-07-19
100145,No,2021-04-26
100146,Yes,2021-09-14
100147,No,2022-07-05
100148,True,2022-05-11
100149,Yes,2022-01-02
100150,Yes,2023-05-24
100151,Yes,2022-11-05
100152,Yes,2021-05-20
100153,No,2023-06-22
100154,No,2021-01-01
100155,No,2023-04-15
100156,No,2021-03-07
100157,No,2023-07-02
100158,Yes,2023-07-17
100159,No,2023-03-23
100160,No,2021-10-14
100161,Yes,2022-10-30
100162,0,2022-02-01
100163,Yes,2023-04-25
100164,no,2022-01-28
100165,No,2021-05-10
100166,No,2021-12-24
100167,No,2023-02-11
100168,Y,2021-04-03
100169,No,2021-08-09
100170,No,2022-08-19
100171,No,2022-07-05
100172,No,2021-08-09
100173,No,2021-01-12
100174,No,2022-06-09
100175,Yes,2022-05-17
100176,No,2021-12-22
100177,Yes,2022-04-17
100178,No,2021-05-06
100179,Yes,2023-05-01
100180,No,2022-06-03
100181,No,2022-04-21
100182,No,2022-01-07
100183,No,2021-12-12
100184,N,2022-12-15
100185,0,2021-08-09
100186,No,2023-01-19
100187,No,2022-08-26
100188,N,2021-03-19
100189,Yes,2021-12-02
100190,Yes,2023-06-14
100191,no,2023-02-09
100192,No,2023-03-02
100193,False,2022-06-24
100194,No,2021-10-08
100195,No,2022-03-03
100196,No,2021-12-20
100197,No,2021-12-01
100198,No,2022-08-02
100199,No,2022-08-23
100200,No,2021-03-08
100201,No,2023-03-16
100202,No,2023-03-26
100203,No,2023-07-08
100204,No,2022-03-14
100205,No,2021-05-08
100206,No,2022-07-24
100207,Yes,2022-10-23
100208,No,2023-02-06
100209,no,2021-03-11
100210,Yes,2022-05-31
100211,No,2021-12-29
100212,No,2021-03-30
100213,No,2022-06-15
100214,No,2023-03-03
100215,No,2021-06-29
100216,No,2021-08-28
100217,No,2022-04-02
100218,No,2022-06-21
100219,Yes,2021-08-20
100220,No,2021-09-19
100221,No,2021-06-30
100222,True,2021-04-25
100223,No,2021-07-19
100224,No,2023-01-30
100225,Yes,2023-08-20
100226,No,2022-12-28
100227,No,
100228,No,2023-05-26
100229,No,2022-06-08
100230,Yes,2022-08-28
100231,Yes,2022-02-16
100232,No,2022-02-19
100233,No,2023-03-22
100234,No,2021-03-19
100235,No,2022-10-26
100236,No,2022-03-25
100237,N,2023-01-26
100238,no,2022-02-10
100239,N,2022-09-01
100240,False,2022-09-23
100241,No,2022-07-01
100242,No,2022-01-15
100243,No,2022-09-16
100244,no,2023-08-12
100245,No,2023-07-21
100246,Yes,2022-03-13
100247,Yes,2023-08-24
100248,0,2023-04-24
100249,No,2022-07-31
100250,Yes,2021-05-24
100251,Yes,2021-11-10
100252,1,
100253,No,2021-09-14
100254,No,2023-04-02
100255,Yes,2022-03-27
100256,No,2021-12-08
100257,No,2021-08-26
100258,No,2021-03-28
100259,False,2021-04-11
100260,No,2021-12-14
100261,No,2023-06-05
100262,Yes,2023-01-07
100263,Yes,2023-07-08
100264,Y,2021-08-13
100265,NO,2021-12-04
100266,No,2022-01-17
100267,False,2021-04-07
100268,Yes,2023-07-22
100269,No,2023-07-14
100270,True,2022-05-12
100271,1,2022-08-03
100272,No,2022-11-24
100273,No,2023-04-16
100274,No,2023-01-21
100275,No,2023-06-15
100276,No,2021-03-10
100277,No,2022-12-04
100278,Yes,2022-06-07
100279,Yes,2021-04-15
100280,No,2021-05-25
100281,Yes,2023-03-09
100282,Yes,2023-03-25
100283,No,2021-01-22
100284,Yes,2021-07-16
100285,Yes,2022-12-05
100286,Yes,2021-03-29
100287,N,2022-07-03
100288,Yes,2022-05-13
100289,No,
100290,yes,2023-06-08
100291,no,2022-05-13
100292,No,2021-12-05
100293,No,2022-07-08
100294,No,2023-07-06
100295,No,2023-03-28
100296,1,2021-02-13
100297,False,2023-05-20
100298,No,2022-09-10
100299,No,2022-08-24
100300,No,2021-11-06
100301,No,2022-07-26
100302,No,2021-10-25
100303,No,2022-02-26
100304,Yes,2022-05-12
100305,Yes,2023-03-26
100306,No,2023-01-04
100307,No,2022-03-11
100308,No,2021-03-09
100309,No,2021-11-14
100310,No,2022-09-09
100311,No,2023-06-25
100312,Yes,2022-05-13
100313,Yes,2022-08-31
100314,No,2023-01-17
100315,No,2022-01-26
100316,Yes,2022-01-24
100317,No,2022-12-25
100318,No,2021-10-03
100319,No,2021-01-08
100320,No,2022-03-11
100321,Yes,2021-08-06
100322,Yes,2023-05-14
100323,No,2022-04-22
100324,0,2023-01-26
100325,No,2022-07-06
100326,False,
100327,No,2022-08-12
100328,No,2021-06-18
100329,No,2022-09-01
100330,Yes,2021-02-10
100331,Yes,2021-11-01
100332,No,2022-07-14
100333,No,2023-04-16
100334,No,2022-09-24
100335,No,2021-12-03
100336,No,2021-02-06
100337,Yes,2021-01-18
100338,No,2023-03-09
100339,No,2022-01-19
100340,No,2022-01-22
100341,Yes,2021-05-15
100342,0,2021-12-30
100343,No,2021-10-08
100344,No,2023-04-27
100345,No,2022-08-05
100346,Yes,2021-02-04
100347,No,2022-08-18
100348,Yes,2021-12-31
100349,No,2022-02-24
100350,No,2023-05-25
100351,Yes,2021-03-07
100352,No,2021-06-23
100353,Yes,2021-08-22
100354,No,2023-02-28
100355,No,2023-02-23
100356,No,2021-11-25
100357,Yes,2022-04-21
100358,Yes,2021-05-06
100359,Yes,2022-12-31
100360,No,2022-01-06
100361,No,2021-04-20
100362,No,2023-05-04
100363,No,2023-02-21
100364,No,2021-03-17
100365,Yes,2022-06-16
100366,No,2023-03-11
100367,False,2023-05-18
100368,No,2021-05-12
100369,1,2022-01-26
100370,No,2021-07-10
100371,No,2021-03-26
100372,No,2021-06-14
100373,Yes,2022-07-10
100374,No,2021-09-12
100375,No,2023-08-16
100376,no,2022-10-31
100377,No,2021-11-07
100378,No,2023-01-22
100379,No,
100380,No,2023-07-27
100381,No,2023-06-10
100382,Yes,2022-03-21
100383,No,2021-07-27
100384,No,2021-10-21
100385,Yes,2022-03-11
100386,No,2022-04-27
100387,No,2022-06-11
100388,No,2022-03-18
100389,Yes,2022-01-30
100390,no,2021-05-21
100391,No,2021-01-18
100392,No,2021-11-05
100393,No,2023-07-09
100394,No,2023-02-28
100395,N,2021-12-14
100396,No,2022-09-05
100397,No,2022-03-18
100398,True,2021-06-28
100399,No,2022-07-27
100400,Y,2023-07-08
100401,No,2021-02-08
100402,NO,2021-04-24
100403,No,2022-07-01
100404,No,2021-03-07
100405,No,2022-09-06
100406,No,2021-08-30
100407,No,2023-03-18
100408,Yes,2021-02-24
100409,No,
100410,No,2021-02-07
100411,No,2022-05-15
100412,No,2023-03-16
100413,No,2022-07-11
100414,No,2021-03-31
100415,No,2023-04-25
100416,No,2023-05-23
100417,No,2023-04-08
100418,No,2022-01-10
100419,Yes,2022-10-22
100420,Y,2022-08-30
100421,No,2021-08-31
100422,No,2021-06-03
100423,Yes,2022-02-24
100424,No,2021-06-21
100425,Yes,2023-03-07
100426,No,2023-04-02
100427,No,2022-10-27
100428,No,2022-03-05
100429,No,2023-02-19
100430,Yes,2022-03-13
100431,Yes,2023-07-16
100432,No,2022-06-01
100433,Yes,2021-01-02
100434,Yes,2022-11-18
100435,No,2023-01-26
100436,Yes,2022-01-01
100437,Yes,2022-08-31
100438,No,2021-08-13
100439,No,2022-03-15
100440,No,2023-01-12
100441,Yes,
100442,Yes,2022-05-07
100443,Yes,2022-08-20
100444,Yes,2021-03-05
100445,Yes,2021-08-14
100446,Yes,2022-05-29
100447,No,2021-06-20
100448,Yes,2023-08-03
100449,No,2022-09-28
100450,No,2023-05-22
100451,Yes,2021-03-25
100452,No,2022-03-11
100453,No,2021-08-13
100454,no,2023-06-06
100455,Yes,2023-01-02
100456,Yes,2022-01-15
100457,No,2021-11-23
100458,No,2022-08-21
100459,No,2023-05-15
100460,No,2022-02-02
100461,no,2022-12-23
100462,Yes,2021-07-18
100463,No,2021-07-27
100464,No,2022-08-31
100465,Yes,2022-06-22
100466,No,2022-07-04
100467,YES,2021-01-28
100468,No,2023-02-20
100469,No,2022-10-31
100470,No,2022-08-14
100471,No,2022-01-17
100472,No,2021-04-26
100473,No,2022-04-11
100474,no,2023-07-25
100475,No,2023-01-29
100476,No,2022-08-22
100477,Yes,2023-05-17
100478,Yes,2023-08-11
100479,1,2023-08-12
100480,No,2022-01-30
100481,Yes,2021-03-17
100482,No,2021-12-02
100483,YES,2022-07-30
100484,Yes,
100485,Yes,2022-04-30
100486,No,2021-09-26
100487,No,2022-10-18
100488,No,2021-02-13
100489,No,2022-12-18
100490,No,2022-01-01
100491,No,2022-04-07
100492,no,2022-08-12
100493,N,2021-06-11
100494,No,2022-08-10
100495,No,2021-05-05
100496,N,2021-10-09
100497,No,2023-08-04
100498,No,2022-10-02
100499,No,2023-03-22
100500,Yes,2022-04-10
100501,Yes,2021-02-25
100502,Yes,2022-12-14
100503,No,2021-06-05
100504,No,2021-01-24
100505,Yes,2021-09-18
100506,No,2021-12-04
100507,No,2023-03-09
100508,No,2022-11-30
100509,No,2021-04-01
100510,Yes,2021-06-13
100511,Y,2023-08-23
100512,No,2022-12-24
100513,No,2021-08-14
100514,No,2021-08-15
100515,No,2022-11-18
100516,No,2022-11-09
100517,No,2021-10-22
100518,No,2023-06-24
100519,Yes,2023-02-16
100520,No,2022-01-08
100521,No,2021-03-29
100522,No,2021-03-04
100523,No,2021-12-15
100524,True,2021-05-16
100525,No,2021-08-12
100526,Yes,2022-06-12
100527,No,2022-04-11
100528,No,2021-01-06
100529,Yes,2022-06-11
100530,Yes,2023-01-13
100531,0,2021-12-28
100532,Yes,2022-10-13
100533,No,2021-02-18
100534,No,2021-07-21
100535,No,2022-08-19
100536,NO,2021-05-14
100537,No,2021-07-25
100538,No,2021-06-15
100539,No,2022-08-09
100540,No,2023-08-02
100541,No,2021-06-19
100542,No,2022-05-17
100543,No,2022-02-14
100544,No,2021-06-02
100545,No,2021-08-11
100546,Yes,2022-05-15
100547,Yes,2021-05-19
100548,N,2021-03-17
100549,Yes,2021-07-12
100550,No,2022-07-24
100551,Yes,2022-10-07
100552,No,2022-06-14
100553,No,2023-05-18
100554,N,2021-08-26
100555,No,2021-04-26
100556,No,2022-06-23
100557,N,2022-06-24
100558,No,2023-06-01
100559,No,
100560,No,2021-11-29
100561,No,2022-08-27
100562,No,2023-05-23
100563,Y,2021-04-18
100564,No,2021-02-23
100565,No,2021-10-05
100566,Y,2023-02-03
100567,No,2022-02-01
100568,No,2021-06-16
100569,No,2022-10-08
100570,no,2021-06-18
100571,No,2022-05-18
100572,Yes,2022-05-11
100573,No,2023-01-16
100574,No,2021-06-12
100575,No,2021-10-17
100576,No,2021-01-04
100577,0,2021-11-13
100578,No,2022-02-28
100579,No,2023-02-18
100580,No,2022-07-17
100581,No,2021-10-21
100582,No,2023-05-29
100583,No,2021-09-03
100584,False,2023-03-11
100585,Yes,2021-04-23
100586,No,2021-04-26
100587,No,2023-06-01
100588,Yes,2021-04-15
100589,Yes,2022-08-19
100590,No,2022-04-16
100591,No,2021-06-15
100592,Yes,2021-03-10
100593,No,2021-04-11
100594,No,2022-09-08
100595,No,2023-01-27
100596,Y,2022-07-26
100597,Yes,2022-06-03
100598,No,2023-04-26
100599,No,2022-07-16
100600,No,2021-08-16
100601,No,2022-02-16
100602,Yes,2022-08-07
100603,No,2022-11-17
100604,No,2021-12-28
100605,No,2023-02-27
100606,No,2021-08-11
100607,No,2023-03-01
100608,Yes,2023-05-18
100609,0,
100610,No,2022-08-06
100611,Yes,2022-01-25
100612,Yes,2022-07-03
100613,No,2023-08-25
100614,Yes,2022-05-31
100615,No,2022-06-26
100616,NO,2023-08-08
100617,No,2022-04-27
100618,No,2021-03-11
100619,Yes,2023-07-01
100620,No,2021-05-04
100621,Yes,2022-03-23
100622,No,2022-06-30
100623,No,2021-11-02
100624,No,2022-10-31
100625,No,2023-01-27
100626,No,2023-05-31
100627,yes,2021-06-15
100628,No,2021-01-25
100629,No,2023-05-29
100630,No,2021-07-09
100631,Yes,2023-06-29
100632,False,2023-03-03
100633,No,2021-03-05
100634,No,2022-08-21
100635,No,2022-05-01
100636,No,2022-04-29
100637,No,2023-07-31
100638,No,2021-01-22
100639,No,2023-04-12
100640,False,2023-01-05
100641,No,2021-07-01
100642,No,2021-05-13
100643,N,2023-07-06
100644,no,2022-11-01
100645,Yes,2021-08-10
100646,True,2023-06-09
100647,No,2022-01-22
100648,No,2021-12-01
100649,Yes,2021-12-14
100650,No,2021-01-16
100651,0,2022-02-06
100652,True,2022-12-31
100653,No,2021-04-09
100654,No,2022-11-29
100655,No,2021-01-19
100656,Yes,2023-07-07
100657,Y,2021-08-01
100658,No,2022-06-09
100659,Yes,2021-08-06
100660,No,2021-11-29
100661,True,2022-07-01
100662,No,2022-12-17
100663,No,2023-03-29
100664,Yes,2022-10-15
100665,No,2022-09-12
100666,No,2021-11-12
100667,Yes,2023-03-14
100668,No,2022-06-30
100669,No,2022-01-24
100670,False,2021-11-20
100671,No,2022-02-11
100672,No,2023-01-30
100673,No,2022-07-01
100674,No,2022-06-25
100675,False,2021-01-18
100676,Yes,2021-07-29
100677,No,2023-03-17
100678,No,2022-10-13
100679,No,2021-11-16
100680,No,2021-01-31
100681,No,2021-10-17
100682,1,2021-12-10
100683,Yes,2023-08-29
100684,Yes,2022-02-12
100685,No,2023-06-01
100686,Yes,2021-02-22
100687,False,2023-03-18
100688,Yes,2022-03-11
100689,No,2021-02-08
100690,Yes,2023-02-28
100691,No,2021-10-28
100692,No,2022-09-18
100693,No,2023-01-20
100694,No,2021-01-22
100695,Yes,2023-07-12
100696,No,2022-08-28
100697,No,2022-01-07
100698,No,2022-11-11
100699,No,2021-07-27
100700,No,2022-10-14
100701,No,2022-01-31
100702,No,2022-12-25
100703,No,2023-03-16
100704,No,2022-02-07
100705,No,2023-07-19
100706,No,2021-12-23
100707,No,2022-08-03
100708,YES,2022-10-15
100709,Yes,2022-01-28
100710,No,2022-06-25
100711,No,2021-08-27
100712,No,2022-10-04
100713,Yes,2022-04-09
100714,No,2023-04-11
100715,Yes,2022-11-17
100716,False,2022-01-01
100717,Yes,2023-06-27
100718,Yes,2022-08-28
100719,No,2023-03-21
100720,No,2022-02-05
100721,Yes,2021-06-15
100722,No,2021-04-21
100723,YES,2021-02-17
100724,Yes,2021-01-31
100725,No,2022-06-30
100726,No,2023-08-13
100727,No,2021-04-21
100728,No,2022-07-18
100729,Yes,2022-07-28
100730,No,
100731,Yes,2022-10-14
100732,No,2022-11-05
100733,False,2023-06-27
100734,No,2021-07-12
100735,No,2023-02-28
100736,No,2022-12-19
100737,No,2023-08-20
100738,Yes,
100739,Yes,2021-08-10
100740,no,2021-11-08
100741,NO,2023-05-24
100742,Y,2022-02-23
100743,No,2022-03-16
100744,No,2022-04-15
100745,Yes,2022-03-28
100746,Yes,2021-01-29
100747,0,2021-02-12
100748,0,2021-07-07
100749,No,2022-03-03
100750,No,2022-02-15
100751,Yes,2021-11-05
100752,Yes,2022-11-27
100753,Yes,2022-06-21
100754,No,2021-09-06
100755,YES,2021-08-01
100756,No,2022-03-01
100757,No,2023-03-06
100758,No,2022-10-24
100759,Y,2023-02-24
100760,No,2021-05-21
100761,No,2022-08-23
100762,1,2022-07-28
100763,No,2022-06-19
100764,No,2022-07-18
100765,False,2023-02-02
100766,Yes,2023-07-21
100767,Yes,2023-03-24
100768,Yes,2021-10-17
100769,Yes,2022-04-28
100770,No,2023-03-28
100771,Yes,2023-02-18
100772,Yes,2022-10-19
100773,No,2022-07-26
100774,Yes,2023-03-06
100775,No,2023-07-08
100776,No,2022-06-15
100777,YES,2023-01-04
100778,No,2023-06-29
100779,False,2022-10-12
100780,No,2022-06-11
100781,No,2023-07-12
100782,No,2021-05-23
100783,No,2021-10-10
100784,Yes,2022-04-18
100785,N,2021-11-22
100786,Yes,2022-09-29
100787,No,2022-01-04
100788,1,2022-01-02
100789,NO,2021-10-20
100790,No,2021-03-30
100791,Yes,2023-07-27
100792,Yes,2021-11-01
100793,0,2023-08-16
100794,No,2022-04-03
100795,Yes,2022-07-11
100796,No,2022-05-22
100797,Yes,2022-10-03
100798,No,2022-08-31
100799,No,2022-01-05
100800,No,2022-11-27
100801,No,2023-08-24
100802,No,2021-08-27
100803,No,2023-02-21
100804,No,2022-08-09
100805,No,2022-07-12
100806,No,2022-02-04
100807,no,2022-10-19
100808,Yes,2023-01-25
100809,No,2023-04-20
100810,Yes,2022-02-14
100811,False,2022-12-30
100812,Yes,2023-08-18
100813,No,2023-08-03
100814,No,2021-07-27
100815,No,2022-03-22
100816,No,2021-05-23
100817,No,2021-06-30
100818,No,2021-05-29
100819,No,2023-06-29
100820,Yes,2022-11-28
100821,No,2023-05-05
100822,Yes,2023-04-02
100823,No,
100824,No,2023-03-06
100825,Yes,2021-02-02
100826,No,2022-12-24
100827,Y,2021-07-19
100828,No,2022-03-11
100829,No,2023-03-03
100830,No,2022-02-11
100831,No,2022-09-21
100832,No,2022-06-03
100833,No,2022-01-10
100834,No,2021-11-15
100835,No,2023-04-03
100836,Yes,2021-06-07
100837,No,2023-01-07
100838,No,2022-11-07
100839,No,2021-06-24
100840,No,2022-11-08
100841,Yes,2021-04-25
100842,No,2021-12-21
100843,No,2022-01-04
100844,No,2021-10-08
100845,No,2021-05-11
100846,No,2022-12-30
100847,No,2021-02-14
100848,True,2022-08-23
100849,NO,2021-06-14
100850,No,
100851,No,2022-02-23
100852,Yes,2023-05-25
100853,No,2022-07-09
100854,No,2022-06-11
100855,No,2021-08-05
100856,Yes,2022-05-24
100857,No,2022-05-16
100858,No,2022-08-17
100859,No,2023-02-24
100860,False,2021-06-08
100861,No,2022-08-21
100862,No,2022-12-27
100863,Yes,2021-12-04
100864,No,2023-03-24
100865,No,2022-10-06
100866,Yes,2023-06-08
100867,No,2023-03-16
100868,No,2022-10-08
100869,Yes,2023-07-29
100870,Yes,2023-05-04
100871,No,2021-09-22
100872,No,2021-12-27
100873,False,2022-11-14
100874,No,2022-06-18
100875,N,2022-09-07
100876,Yes,2021-09-10
100877,No,2022-01-29
100878,No,2023-01-22
100879,No,2023-02-17
100880,No,2023-06-16
100881,No,2022-09-29
100882,No,2021-02-12
100883,No,2021-11-07
100884,No,2022-10-21
100885,No,2023-08-15
100886,Yes,2023-03-09
100887,Yes,2021-05-23
100888,No,2022-10-25
100889,No,2022-12-04
100890,No,2022-09-12
100891,Yes,2023-04-29
100892,No,2021-10-04
100893,No,2022-10-27
100894,No,2023-02-20
100895,No,2023-03-19
100896,No,2021-09-08
100897,Yes,2023-07-12
100898,No,2022-11-10
100899,No,2021-05-11
100900,Yes,2023-08-12
100901,0,2021-07-19
100902,Yes,2021-10-28
100903,Yes,2022-05-06
100904,Yes,2021-08-21
100905,No,2022-11-03
100906,Yes,2021-06-02
100907,Yes,2021-08-24
100908,No,2022-12-22
100909,Yes,2021-06-07
100910,Yes,2021-10-07
100911,Yes,2023-02-16
100912,No,2021-12-18
100913,Yes,2023-07-23
100914,Yes,2023-03-11
100915,Yes,2022-01-21
100916,Yes,2021-08-19
100917,N,2023-02-09
100918,No,2021-08-24
100919,No,2021-02-01
100920,No,2023-08-18
100921,No,2021-11-20
100922,No,2022-06-25
100923,No,2021-12-22
100924,No,2021-09-24
100925,Yes,2022-03-14
100926,Yes,2023-08-07
100927,no,2022-09-14
100928,No,2023-07-10
100929,True,2022-08-11
100930,No,2022-11-06
100931,Yes,2021-08-18
100932,Yes,2021-04-14
100933,No,2023-03-16
100934,No,2023-01-10
100935,No,2021-02-19
100936,No,2021-02-27
100937,yes,2022-03-02
100938,Yes,2022-07-26
100939,No,2023-05-26
100940,No,2022-07-07
100941,No,2023-05-31
100942,No,2021-05-17
100943,No,2022-08-14
100944,No,2021-09-16
100945,False,2022-12-25
100946,No,2022-06-21
100947,Yes,2021-08-08
100948,Yes,2023-07-28
100949,Yes,2023-06-18
100950,No,2023-07-03
100951,Yes,2022-10-06
100952,No,2023-03-22
100953,No,2022-01-23
100954,Yes,2023-04-27
100955,Yes,2021-11-30
100956,No,2022-09-22
100957,No,2022-06-30
100958,No,
100959,No,2023-07-24
100960,No,2022-06-08
100961,No,2021-04-13
100962,Yes,2023-03-06
100963,0,2022-07-13
100964,No,2021-08-08
100965,No,2023-05-26
100966,N,2021-10-02
100967,No,2021-12-23
100968,No,2021-07-19
100969,Y,2022-02-04
100970,No,2021-10-16
100971,N,2021-11-07
100972,No,2022-02-25
100973,No,2021-03-15
100974,Yes,2022-08-27
100975,Yes,2021-11-30
100976,Yes,2021-02-19
100977,Yes,2021-08-23
100978,Yes,2022-02-24
100979,Yes,2023-04-12
100980,No,2021-08-08
100981,No,2022-06-15
100982,NO,2023-04-20
100983,No,2023-06-17
100984,1,2023-02-21
100985,No,2023-05-31
100986,No,2021-01-24
100987,Yes,2021-01-14
100988,Yes,2022-09-10
100989,No,2021-08-26
100990,No,2023-07-31
100991,No,2021-05-20
100992,1,2021-12-21
100993,Yes,2023-02-04
100994,no,2021-10-02
100995,no,2021-08-19
100996,No,2023-01-29
100997,No,2021-07-02
100998,No,2023-08-29
100999,Yes,2022-05-20
101000,yes,2023-01-06
101001,No,2022-08-27
101002,Yes,2021-03-10
101003,YES,2023-08-13
101004,No,2021-11-21
101005,No,2023-03-01
101006,No,2023-05-20
101007,No,2021-09-23
101008,N,2021-12-13
101009,No,2022-09-24
101010,0,2023-03-14
101011,No,2022-11-09
101012,Yes,2021-12-02
101013,No,2022-08-13
101014,No,2023-04-20
101015,Yes,2021-08-02
101016,yes,2021-04-29
101017,No,2022-09-20
101018,No,2021-03-06
101019,yes,2021-09-12
101020,Yes,2021-10-21
101021,Yes,2021-04-22
101022,Yes,2023-01-15
101023,No,2021-01-10
101024,Yes,2023-07-02
101025,Yes,2022-11-16
101026,No,
101027,No,2021-09-12
101028,False,2022-05-28
101029,No,2023-05-11
101030,Yes,2021-10-22
101031,No,2022-05-11
101032,Yes,2023-03-08
101033,0,2022-12-18
101034,No,2022-03-25
101035,Yes,2023-06-21
101036,No,2021-01-03
101037,False,
101038,No,2023-03-20
101039,No,2021-11-11
101040,N,2023-05-19
101041,No,2021-11-29
101042,No,
101043,No,2021-08-25
101044,No,2023-06-12
101045,No,2022-10-21
101046,N,2023-02-25
101047,yes,2023-03-03
101048,Yes,2022-08-24
101049,Yes,2023-03-31
101050,No,2023-01-02
101051,Yes,
101052,N,2023-05-17
101053,False,2023-08-03
101054,No,2023-04-16
101055,No,2021-10-07
101056,NO,2022-04-21
101057,Yes,2023-01-16
101058,False,2022-12-29
101059,No,2022-08-30
101060,Yes,2021-04-19
101061,No,2021-03-29
101062,No,2021-04-12
101063,Yes,2021-06-18
101064,No,2023-01-21
101065,No,2022-01-24
101066,No,2023-03-14
101067,Yes,2023-01-14
101068,No,2023-07-30
101069,No,2023-01-08
101070,Yes,2022-02-15
101071,No,2022-05-05
101072,Yes,2022-07-31
101073,0,2021-08-26
101074,No,
101075,Yes,2023-04-22
101076,No,2023-02-08
101077,Yes,2023-02-28
101078,No,2021-09-06
101079,NO,2022-03-26
101080,No,2021-02-22
101081,Yes,2022-01-16
101082,No,2022-04-25
101083,No,2021-07-08
101084,No,2021-03-10
101085,No,2022-10-09
101086,No,2023-03-24
101087,No,2021-07-28
101088,N,2023-03-24
101089,No,2022-02-06
101090,No,2022-12-11
101091,No,2022-10-15
101092,False,2022-02-28
101093,Yes,2021-01-26
101094,No,2021-12-14
101095,No,2023-01-24
101096,Yes,2023-02-05
101097,no,2021-06-11
101098,No,2023-01-21
101099,Yes,2023-05-18
101100,No,2023-05-27
101101,No,2021-07-19
101102,Yes,2023-08-15
101103,Y,2021-12-25
101104,No,
101105,No,2021-07-08
101106,Yes,2023-02-15
101107,No,2022-01-03
101108,No,2022-02-07
101109,Yes,2022-11-17
101110,No,2022-04-28
101111,No,2022-07-13
101112,No,2021-09-13
101113,Yes,2021-11-18
101114,No,2023-07-11
101115,No,2022-10-19
101116,N,2022-07-20
101117,No,2021-04-19
101118,Yes,2023-07-26
101119,NO,2021-12-29
101120,Yes,2022-02-28
101121,No,2021-06-30
101122,No,2022-09-17
101123,No,2021-10-20
101124,No,2022-07-20
101125,No,2022-07-18
101126,No,2023-06-05
101127,N,2022-07-30
101128,No,2023-05-29
101129,Yes,2022-10-16
101130,No,2021-10-25
101131,No,2021-05-28
101132,No,2021-02-08
101133,No,2023-02-06
101134,No,2022-11-27
101135,No,2023-01-29
101136,No,2023-01-11
101137,Y,2021-12-02
101138,No,2022-12-27
101139,No,2022-11-08
101140,No,2021-10-15
101141,True,2021-09-18
101142,No,2021-08-06
101143,No,2023-04-18
101144,Yes,2022-06-06
101145,No,2023-08-31
101146,No,2023-06-03
101147,No,2022-04-30
101148,No,2022-07-31
101149,Yes,2021-12-07
101150,No,2023-04-03
101151,No,2022-10-18
101152,Yes,2021-08-13
101153,No,2021-07-28
101154,No,2022-02-14
101155,No,2023-08-14
101156,No,2022-06-02
101157,No,2023-07-18
101158,No,2021-02-20
101159,No,2023-02-25
101160,No,2022-11-30
101161,1,2021-06-11
101162,No,2021-08-28
101163,NO,2022-02-12
101164,No,2023-06-16
101165,No,2023-05-03
101166,No,2021-01-02
101167,YES,2022-04-03
101168,No,2021-05-25
101169,Yes,2021-11-24
101170,NO,2021-02-24
101171,No,2021-04-24
101172,No,2023-06-11
101173,No,2021-08-26
101174,No,2023-04-07
101175,No,2022-06-16
101176,Yes,2022-02-07
101177,No,2023-08-11
101178,No,2021-04-09
101179,No,2021-04-13
101180,No,2023-08-21
101181,No,2022-10-26
101182,No,2021-11-18
101183,No,2022-04-07
101184,No,2021-12-03
101185,No,2023-08-14
101186,Yes,2023-08-14
101187,0,2022-08-16
101188,N,2022-03-06
101189,No,2022-08-20
101190,No,2022-04-05
101191,Yes,2022-01-30
101192,Yes,2022-01-22
101193,Yes,2022-11-03
101194,Yes,2023-03-31
101195,Yes,2022-01-14
101196,No,2022-05-28
101197,No,2023-02-25
101198,No,2021-11-06
101199,No,2021-01-26
101200,No,2021-10-03
101201,No,2021-07-18
101202,No,2021-11-16
101203,Yes,2023-01-23
101204,No,2021-05-07
101205,No,2022-02-02
101206,No,2023-06-15
101207,No,2023-06-17
101208,No,2022-11-27
101209,No,2021-03-02
101210,False,2023-02-27
101211,False,2021-01-24
101212,No,2023-08-10
101213,No,2021-08-23
101214,No,
101215,Yes,2021-02-14
101216,No,2022-11-20
101217,no,2021-04-15
101218,Yes,2022-11-20
101219,No,2022-04-24
101220,No,2022-01-28
101221,Yes,2021-11-11
101222,No,2021-01-28
101223,No,2023-07-12
101224,No,2023-01-31
101225,No,2021-09-17
101226,True,2023-05-26
101227,no,2022-05-29
101228,No,2021-02-09
101229,No,2022-11-03
101230,No,2023-03-16
101231,No,2022-11-25
101232,Yes,2022-05-09
101233,Yes,2023-08-20
101234,Yes,2023-03-13
101235,Y,2022-12-23
101236,Yes,2023-01-05
101237,No,2022-11-22
101238,No,2023-03-20
101239,N,2021-12-23
101240,Yes,2022-01-16
101241,No,2021-05-15
101242,No,2022-11-15
101243,No,2023-02-28
101244,Y,2021-07-23
101245,No,2023-06-22
101246,No,2022-05-30
101247,0,2022-01-27
101248,No,2023-07-06
101249,Yes,2021-08-18
101250,No,2021-12-26
101251,N,2023-01-05
101252,No,2021-06-22
101253,Yes,2022-11-13
101254,Y,2021-08-30
101255,No,
101256,Yes,2022-05-29
101257,No,2021-03-30
101258,Yes,2022-09-25
101259,Yes,2021-07-01
101260,no,2023-02-17
101261,No,2022-12-28
101262,Yes,2021-09-22
101263,No,2021-01-10
101264,No,2022-05-13
101265,Yes,2022-05-12
101266,No,2021-08-13
101267,Yes,2022-11-15
101268,NO,
101269,No,2022-12-24
101270,No,2021-05-01
101271,No,2022-11-03
101272,No,2023-05-30
101273,No,2023-01-11
101274,No,2021-12-22
101275,Yes,2022-06-26
101276,N,2021-01-26
101277,No,2021-03-11
101278,No,2022-01-13
101279,Yes,2023-01-07
101280,No,2021-04-22
101281,No,2023-01-09
101282,No,2022-02-28
101283,No,2022-12-02
101284,Yes,2022-09-23
101285,No,2021-11-11
101286,No,2021-12-04
101287,No,2022-05-06
101288,Yes,2021-07-04
101289,No,2022-08-24
101290,0,2021-12-06
101291,Yes,2021-09-29
101292,No,2023-05-19
101293,0,2023-03-21
101294,No,2021-09-06
101295,Yes,2021-06-16
101296,No,2022-07-20
101297,No,2022-02-14
101298,Yes,2022-12-26
101299,Yes,2021-09-19
101300,No,2022-03-07
101301,Yes,2021-07-19
101302,N,2023-01-23
101303,No,2021-04-17
101304,N,2022-08-16
101305,No,2021-08-20
101306,No,2022-01-06
101307,No,2022-05-21
101308,No,2022-03-28
101309,No,2022-12-11
101310,Yes,2021-08-03
101311,No,2023-07-20
101312,Yes,2021-10-08
101313,No,2023-08-24
101314,No,2022-02-08
101315,No,2021-04-23
101316,Yes,2021-08-20
101317,No,2021-09-24
101318,No,2023-07-03
101319,No,2021-10-15
101320,No,2021-04-22
101321,No,2021-04-14
101322,Yes,2021-09-12
101323,No,2021-07-05
101324,No,2021-02-03
101325,NO,2022-08-04
101326,No,2021-10-01
101327,No,2021-08-27
101328,No,2023-03-06
101329,No,2022-02-06
101330,Yes,2021-09-05
101331,Yes,2022-09-22
101332,No,2023-02-09
101333,N,2022-02-19
101334,No,2023-05-03
101335,No,2021-09-22
101336,1,2022-02-01
101337,No,2021-05-13
101338,No,2023-01-09
101339,No,2021-05-19
101340,N,2022-08-09
101341,No,2021-02-07
101342,No,2022-05-25
101343,False,2022-09-05
101344,No,2023-08-04
101345,No,2022-09-10
101346,No,2022-06-06
101347,Yes,2022-01-21
101348,YES,2023-08-31
101349,No,2023-05-20
101350,No,2023-07-02
101351,No,2021-01-25
101352,0,2023-02-04
101353,No,2022-12-01
101354,No,2021-02-02
101355,N,2021-05-23
101356,No,2021-12-10
101357,No,2022-07-28
101358,No,2022-07-07
101359,No,2023-07-27
101360,No,2023-08-10
101361,N,2022-02-16
101362,No,2022-07-08
101363,False,2022-11-07
101364,Yes,2022-04-23
101365,N,2022-05-09
101366,No,2021-07-23
101367,No,2023-06-20
101368,Yes,2022-07-13
101369,No,2023-05-11
101370,Yes,2023-02-26
101371,YES,2022-12-06
101372,No,2021-10-17
101373,Yes,2023-04-26
101374,No,
101375,No,2023-01-24
101376,Yes,2022-06-25
101377,No,2022-06-21
101378,Yes,2022-02-09
101379,Y,2022-09-10
101380,No,2021-02-03
101381,No,2021-03-12
101382,No,2022-02-13
101383,No,2023-01-16
101384,No,
101385,No,2021-04-15
101386,No,2023-04-18
101387,No,2022-12-03
101388,Yes,2023-04-05
101389,No,2023-03-05
101390,False,2021-03-15
101391,No,2021-08-16
101392,No,2023-08-17
101393,No,2021-11-28
101394,Yes,2021-03-10
101395,No,2022-01-08
101396,No,2022-09-07
101397,No,2022-09-24
101398,Yes,2022-08-22
101399,No,2021-11-26
101400,No,2022-11-16
101401,No,
101402,No,2023-02-19
101403,No,2021-12-02
101404,No,2023-07-31
101405,No,2021-06-09
101406,No,2021-02-15
101407,yes,2023-02-09
101408,No,2022-12-27
101409,No,2023-06-20
101410,No,2023-07-16
101411,No,2022-11-14
101412,No,2022-11-26
101413,No,2022-07-30
101414,No,2023-02-16
101415,No,2022-08-27
101416,No,2022-07-09
101417,Yes,2023-06-30
101418,0,2022-12-28
101419,Yes,2022-01-12
101420,No,2021-01-16
101421,Yes,2021-03-28
101422,No,2023-06-25
101423,No,2021-08-09
101424,No,2021-07-15
101425,No,2023-01-20
101426,No,2021-12-08
101427,No,2023-03-15
101428,No,2023-08-08
101429,Yes,2021-10-18
101430,0,2023-03-06
101431,Yes,2022-01-16
101432,No,2021-01-25
101433,No,2021-10-04
101434,No,2021-08-12
101435,No,2022-03-18
101436,No,2022-04-12
101437,No,2021-05-08
101438,No,2021-10-31
101439,No,2021-06-15
101440,No,2023-04-19
101441,No,2021-06-24
101442,No,2023-05-04
101443,Yes,2023-04-23
101444,No,2021-11-17
101445,No,2022-12-18
101446,No,2023-01-01
101447,No,2021-10-12
101448,No,2022-03-21
101449,N,2023-01-18
101450,No,2023-08-24
101451,Yes,2021-05-28
101452,Yes,2021-08-08
101453,Yes,2022-03-12
101454,No,2023-07-17
101455,Yes,2022-04-19
101456,No,2022-08-25
101457,Yes,2021-08-26
101458,No,2021-06-01
101459,No,2022-11-15
101460,Yes,2022-12-07
101461,No,2021-09-09
101462,No,2023-06-29
101463,No,2022-12-02
101464,No,2022-11-10
101465,Yes,2023-05-29
101466,No,2022-11-22
101467,Yes,2022-10-09
101468,Yes,2021-10-01
101469,No,2022-01-20
101470,Yes,2023-04-14
101471,Yes,2021-11-28
101472,Yes,2023-03-03
101473,No,2022-03-18
101474,No,2022-08-11
101475,Yes,2022-07-24
101476,No,2021-03-18
101477,No,2022-07-06
101478,No,2023-08-11
101479,No,2022-10-14
101480,No,
101481,No,2023-08-23
101482,No,2023-03-23
101483,No,2022-08-08
101484,Yes,2022-07-22
101485,True,2022-04-03
101486,Yes,2021-03-23
101487,No,2023-05-09
101488,NO,2022-03-19
101489,No,2022-10-28
101490,Yes,2022-05-24
101491,NO,2021-01-25
101492,No,2021-08-11
101493,No,2022-02-18
101494,No,2021-03-16
101495,yes,2023-02-12
101496,Yes,2022-02-27
101497,No,2021-06-26
101498,No,2021-09-10
101499,0,2021-12-29
101500,No,2023-02-15
101501,No,2022-02-17
101502,No,2021-04-12
101503,No,2021-06-04
101504,No,2021-04-23
101505,No,2021-04-15
101506,no,2022-07-01
101507,No,
101508,No,2021-05-02
101509,Yes,2021-11-20
101510,No,2023-01-12
101511,Yes,2022-06-12
101512,No,2022-08-22
101513,Yes,2023-07-10
101514,0,2021-06-23
101515,No,2021-07-02
101516,no,2023-06-22
101517,No,2023-08-02
101518,No,2021-04-21
101519,No,2021-07-25
101520,Yes,2022-04-30
101521,No,2022-12-11
101522,Yes,2022-11-04
101523,No,2021-11-13
101524,No,2021-08-18
101525,NO,2022-06-09
101526,YES,2021-09-16
101527,No,2021-05-06
101528,Yes,2022-06-27
101529,No,2022-06-23
101530,No,2023-04-21
101531,No,2021-03-05
101532,Yes,2021-10-26
101533,No,2023-08-03
101534,No,2022-05-29
101535,No,
101536,No,2022-06-17
101537,Yes,2023-07-24
101538,No,2021-01-09
101539,No,2022-03-21
101540,Yes,2021-06-04
101541,Yes,2022-04-23
101542,False,2023-07-20
101543,NO,2022-02-18
101544,0,2023-05-01
101545,1,2022-03-09
101546,False,2021-04-17
101547,No,2022-10-12
101548,Yes,2023-04-11
101549,No,2022-06-15
101550,No,2023-03-01
101551,no,2022-01-20
101552,No,2023-06-26
101553,No,2021-03-26
101554,Yes,2022-02-23
101555,No,2021-08-12
101556,Yes,2021-05-04
101557,False,2021-10-13
101558,No,2022-05-20
101559,No,2021-06-09
101560,No,2022-05-10
101561,Yes,2023-02-26
101562,No,2021-02-28
101563,No,2022-10-27
101564,No,2022-02-09
101565,Yes,2021-12-27
101566,No,2021-08-21
101567,Yes,2023-07-28
101568,No,2021-02-12
101569,Yes,2022-12-18
101570,Yes,2022-11-23
101571,Yes,2021-09-19
101572,No,2022-08-20
101573,No,2023-05-28
101574,Yes,2021-12-31
101575,No,2021-07-24
101576,Yes,2021-01-17
101577,No,2021-02-25
101578,No,2021-01-09
101579,No,2021-04-23
101580,Yes,2021-06-28
101581,No,2021-04-18
101582,Yes,2022-05-24
101583,No,2021-04-06
101584,No,2022-11-14
101585,Yes,2021-07-17
101586,No,2022-07-25
101587,No,2023-01-05
101588,No,2021-02-18
101589,No,2021-02-28
101590,No,2021-06-04
101591,No,2021-10-17
101592,NO,
101593,Yes,2023-02-08
101594,No,
101595,No,2023-01-07
101596,No,2022-05-02
101597,Yes,2021-10-06
101598,YES,2021-10-22
101599,No,2022-12-08
101600,0,2021-05-18
101601,1,2021-08-04
101602,No,2023-01-28
101603,No,2022-07-21
101604,No,2021-10-11
101605,No,2023-06-19
101606,No,2022-02-10
101607,Yes,2023-04-19
101608,No,2022-03-04
101609,No,2022-09-26
101610,Yes,2022-11-16
101611,N,2022-06-25
101612,No,2021-11-19
101613,No,2021-03-13
101614,No,2022-06-25
101615,No,2021-02-22
101616,No,2023-03-16
101617,No,2022-12-03
101618,True,2022-07-02
101619,No,2022-03-23
101620,No,2022-09-07
101621,Yes,2021-03-30
101622,No,2021-05-20
101623,No,2022-10-07
101624,No,2022-04-25
101625,False,2022-01-02
101626,No,2022-11-01
101627,N,2021-01-03
101628,Yes,2022-02-01
101629,No,2021-05-28
101630,NO,2022-06-24
101631,Yes,2021-03-23
101632,No,2023-03-31
101633,No,2023-08-28
101634,No,2022-03-23
101635,No,2023-05-07
101636,No,2023-06-03
101637,Yes,2021-05-17
101638,Yes,2022-07-14
101639,No,2022-03-11
101640,Yes,2022-03-11
101641,No,2022-09-06
101642,Yes,2022-10-07
101643,No,2023-06-04
101644,Yes,2021-03-09
101645,Yes,2022-12-24
101646,False,2022-05-30
101647,No,2021-09-15
101648,No,2023-02-05
101649,No,2023-05-04
101650,Yes,2021-11-15
101651,No,2023-02-26
101652,No,2021-05-19
101653,No,2021-12-04
101654,No,2022-02-21
101655,No,2021-06-03
101656,1,2022-07-27
101657,No,2021-01-05
101658,No,2022-11-25
101659,No,2021-05-10
101660,No,2023-04-11
101661,No,2022-10-09
101662,No,2023-05-28
101663,No,2021-10-23
101664,Yes,2021-07-04
101665,No,2022-04-13
101666,Yes,2021-04-14
101667,Yes,
101668,False,2021-03-10
101669,Yes,2023-03-07
101670,N,2021-10-09
101671,True,2023-02-18
101672,No,2021-05-08
101673,No,2022-08-22
101674,no,2021-02-09
101675,No,2022-11-08
101676,No,2021-12-12
101677,False,2022-07-22
101678,No,2021-12-03
101679,No,2022-04-19
101680,N,2021-01-05
101681,no,2023-07-03
101682,0,2021-09-06
101683,No,2022-11-08
101684,No,2021-03-21
101685,No,2023-07-09
101686,yes,2022-05-27
101687,No,2021-09-20
101688,Yes,2023-06-10
101689,No,2021-05-27
101690,No,2022-09-18
101691,Yes,2023-01-30
101692,No,2022-01-25
101693,No,2022-05-17
101694,No,2023-05-07
101695,NO,2022-11-25
101696,No,2021-02-13
101697,No,2022-04-07
101698,Yes,2023-03-15
101699,No,2021-10-15
101700,Yes,2021-04-19
101701,No,2022-03-08
101702,Yes,2023-05-15
101703,N,2022-08-17
101704,Yes,2022-05-27
101705,Yes,2023-01-24
101706,No,2021-08-13
101707,Yes,2022-03-07
101708,No,2022-05-28
101709,No,2023-02-20
101710,No,2022-02-10
101711,No,2021-09-27
101712,No,2022-08-07
101713,No,2022-11-30
101714,No,2021-07-31
101715,No,2021-05-04
101716,Yes,2023-01-27
101717,No,2022-01-15
101718,No,2022-11-02
101719,No,2023-02-22
101720,Yes,2023-02-26
101721,Yes,2021-08-05
101722,N,2021-01-23
101723,Yes,2022-09-29
101724,No,2022-06-30
101725,0,2021-12-25
101726,No,2023-07-01
101727,Yes,2023-03-28
101728,No,2022-12-16
101729,No,2023-05-06
101730,no,2022-03-08
101731,No,2023-05-07
101732,No,2022-08-11
101733,No,2023-07-28
101734,Yes,2023-04-16
101735,No,2023-02-07
101736,No,2021-03-14
101737,No,2022-09-14
101738,No,2021-11-23
101739,No,2021-03-20
101740,Yes,2023-01-17
101741,Yes,2023-01-06
101742,Yes,2022-12-25
101743,No,2021-07-13
101744,No,2022-09-10
101745,No,2021-10-12
101746,Yes,2021-03-19
101747,No,2021-06-07
101748,False,2021-12-14
101749,Yes,2023-08-24
101750,No,2023-07-03
101751,Yes,
101752,No,2022-07-25
101753,Yes,2021-02-09
101754,Yes,2023-03-20
101755,No,2021-01-30
101756,No,2022-07-27
101757,Yes,2023-06-15
101758,Yes,2022-06-19
101759,N,2022-06-22
101760,No,
101761,No,2021-05-04
101762,No,2022-07-14
101763,No,2023-08-08
101764,No,2021-12-08
101765,1,2021-06-24
101766,False,2023-06-07
101767,No,2021-10-14
101768,No,2021-07-24
101769,No,2022-08-05
101770,No,2021-11-19
101771,Yes,2022-07-04
101772,No,2021-03-01
101773,No,2021-06-23
101774,No,2023-07-26
101775,No,2021-04-24
101776,Yes,2021-05-05
101777,0,2021-02-05
101778,Yes,2022-04-29
101779,No,2023-03-31
101780,Yes,2021-02-06
101781,0,2021-12-24
101782,no,2022-10-30
101783,N,2023-02-04
101784,No,2021-08-27
101785,No,2022-10-12
101786,Yes,2023-04-24
101787,No,2022-01-22
101788,No,2022-06-17
101789,Yes,2021-02-07
101790,NO,2022-05-16
101791,No,2021-07-19
101792,False,2022-07-19
101793,N,2021-12-31
101794,No,2023-07-12
101795,True,2022-04-02
101796,No,2022-10-19
101797,Yes,2022-03-02
101798,Yes,2022-01-02
101799,No,2021-03-07
101800,N,2022-10-23
101801,No,2021-06-08
101802,No,2022-02-24
101803,No,2023-01-03
101804,No,2022-04-23
101805,No,2022-08-05
101806,No,2023-07-10
101807,No,2022-01-28
101808,Yes,2023-08-27
101809,No,2022-10-23
101810,No,2022-05-25
101811,False,2022-02-12
101812,False,2022-01-06
101813,No,2023-03-01
101814,No,2022-03-03
101815,No,2021-06-30
101816,YES,2021-01-26
101817,No,2023-05-31
101818,Yes,2022-07-12
101819,No,2021-09-15
101820,No,2022-03-18
101821,No,2021-11-04
101822,No,2021-08-27
101823,No,2023-03-06
101824,No,2021-06-09
101825,No,2022-12-11
101826,Yes,2021-07-02
101827,N,2021-04-18
101828,No,2022-05-01
101829,No,2022-03-29
101830,0,2022-07-27
101831,No,2022-11-11
101832,No,2023-07-26
101833,False,2022-04-06
101834,No,2021-09-25
101835,Yes,2021-08-14
101836,Yes,
101837,No,2023-05-10
101838,0,2021-08-03
101839,No,2023-07-09
101840,no,2023-08-25
101841,No,2022-09-23
101842,Yes,2022-11-16
101843,No,2021-05-12
101844,No,2022-10-11
101845,No,2022-07-30
101846,No,2021-02-21
101847,Yes,2023-01-05
101848,No,2023-08-15
101849,No,2023-04-06
101850,No,2023-03-02
101851,No,2022-01-02
101852,No,2021-11-12
101853,no,2021-01-22
101854,No,2021-06-24
101855,No,2022-04-25
101856,No,2022-04-23
101857,No,2021-11-01
101858,YES,2021-09-11
101859,Yes,2021-08-15
101860,Yes,2022-08-27
101861,No,
101862,No,2021-01-31
101863,no,2021-01-15
101864,No,2022-11-27
101865,No,2021-02-03
101866,No,2023-07-10
101867,Yes,2022-08-09
101868,No,2021-09-17
101869,Yes,2023-08-04
101870,No,2022-08-29
101871,No,2022-09-06
101872,YES,2022-06-23
101873,Yes,2023-07-05
101874,No,2023-06-20
101875,No,2021-10-22
101876,No,2022-02-25
101877,No,2022-10-30
101878,No,2022-09-05
101879,No,2021-05-15
101880,Yes,2023-01-16
101881,Yes,
101882,No,2021-08-24
101883,No,2022-06-05
101884,No,2021-03-02
101885,Yes,2021-01-23
101886,no,2021-11-07
101887,No,2021-11-20
101888,No,2022-11-06
101889,No,
101890,No,2021-12-09
101891,False,2021-09-19
101892,No,2022-06-15
101893,No,2021-03-23
101894,True,2021-09-18
101895,No,2021-10-28
101896,False,2023-07-13
101897,Yes,2022-03-09
101898,Yes,2023-08-14
101899,No,2022-05-10
101900,No,2021-02-11
101901,True,2021-08-18
101902,No,2022-05-30
101903,No,2021-07-26
101904,Yes,2023-03-15
101905,No,2022-02-21
101906,No,2022-07-24
101907,N,2021-02-26
101908,No,2023-08-14
101909,No,2023-08-30
101910,No,2023-05-19
101911,No,2023-03-09
101912,No,2022-12-29
101913,No,2023-03-08
101914,Yes,2023-03-13
101915,No,2022-10-11
101916,No,2021-08-03
101917,True,2021-12-27
101918,No,2022-06-08
101919,No,2023-06-06
101920,No,2022-05-02
101921,No,
101922,No,2021-08-27
101923,No,2023-04-15
101924,No,2022-07-07
101925,No,2022-08-10
101926,No,2023-03-16
101927,Yes,2021-04-08
101928,No,2021-01-05
101929,Yes,2022-10-27
101930,Yes,2021-06-24
101931,Yes,
101932,No,2021-04-30
101933,Yes,2022-04-19
101934,No,2023-06-24
101935,No,2022-10-01
101936,Yes,2022-12-10
101937,Yes,2021-01-03
101938,Yes,2021-12-04
101939,Yes,2023-05-27
101940,No,2023-05-08
101941,Yes,2021-08-21
101942,Yes,2022-07-08
101943,No,2021-09-29
101944,No,2022-07-09
101945,Yes,2022-09-25
101946,No,2023-06-19
101947,No,2022-04-26
101948,No,2022-01-26
101949,No,2021-01-02
101950,Yes,2022-06-02
101951,False,2023-08-04
101952,No,2022-04-12
101953,No,2021-03-18
101954,No,2021-12-02
101955,No,2021-11-15
101956,No,2021-03-03
101957,0,2023-03-06
101958,Y,2023-03-24
101959,No,2021-03-18
101960,No,2022-10-07
101961,Yes,2021-07-29
101962,No,2021-04-06
101963,Yes,2023-08-06
101964,False,2023-03-15
101965,No,2022-11-03
101966,No,2022-04-17
101967,No,2021-08-11
101968,No,2023-03-13
101969,No,2023-02-18
101970,no,2023-07-21
101971,No,2022-06-30
101972,No,2022-10-28
101973,Yes,2022-02-22
101974,NO,2021-07-31
101975,No,2021-01-25
101976,No,2023-08-21
101977,Yes,2023-04-29
101978,no,2023-05-05
101979,NO,
101980,No,2021-02-13
101981,No,2022-10-13
101982,Yes,2023-06-26
101983,0,2021-01-11
101984,False,2021-08-31
101985,Yes,2021-01-14
101986,No,2022-09-04
101987,Yes,2021-02-11
101988,No,
101989,No,2021-05-08
101990,No,2023-01-26
101991,No,2022-03-21
101992,no,2021-12-31
101993,No,2022-01-08
101994,No,2023-05-09
101995,Yes,2023-01-20
101996,No,2021-08-15
101997,No,2023-01-07
101998,No,2022-01-09
101999,Yes,2021-11-11
102000,No,2022-07-02
100298,No,2022-09-10
101517,No,2023-08-02
100404,No,2021-03-07
101628,Yes,2022-02-01
100743,No,2022-03-16
101390,False,2021-03-15
100334,No,2022-09-24
100241,No,2022-07-01
101254,Y,2021-08-30
100473,No,2022-04-11
101865,No,2021-02-03
100365,Yes,2022-06-16
101019,yes,2021-09-12
101890,No,2021-12-09
101486,Yes,2021-03-23
100650,No,2021-01-16
100177,Yes,2022-04-17
101595,No,2023-01-07
100019,No,2022-06-13
100258,No,2021-03-28
101121,No,2021-06-30
101588,No,2021-02-18
101333,N,2022-02-19
101430,0,2023-03-06
100520,No,2022-01-08
101317,No,2021-09-24
101524,No,2021-08-18
101672,No,2021-05-08
101446,No,2023-01-01
100232,No,2022-02-19
101497,No,2021-06-26
101356,No,2021-12-10
101834,No,2021-09-25
101022,Yes,2023-01-15
100051,No,2021-08-20
101543,NO,2022-02-18
100273,No,2023-04-16
100538,No,2021-06-15
101647,No,2021-09-15
101611,N,2022-06-25
100111,No,2023-08-26
101734,Yes,2023-04-16
101541,Yes,2022-04-23
101665,No,2022-04-13
101131,No,2021-05-28
100760,No,2021-05-21
101096,Yes,2023-02-05
101417,Yes,2023-06-30
100374,No,2021-09-12
100791,Yes,2023-07-27
100968,No,2021-07-19
100802,No,2021-08-27
100790,No,2021-03-30
101680,N,2021-01-05
101548,Yes,2023-04-11
100907,Yes,2021-08-24
100151,Yes,2022-11-05
100047,No,2023-04-15
100149,Yes,2022-01-02
100128,No,2021-04-07
