student_id,test_date,test_score
100001,2021-02-27,75.9
100002,2023-01-01,51.9
100003,2021-02-24,78.4
100004,2020-10-01,88.4
100005,2022-04-21,95.9
100006,2020-11-07,62.5
100007,2021-09-26,96.8
100008,2021-07-13,69.8
100009,2023-04-05,77.0
100010,2021-02-18,72.5
100011,2020-10-21,66.0
100012,2022-03-02,-5.0
100013,2021-02-20,73.7
100014,2023-05-20,100.0
100015,2022-04-02,73.9
100016,2022-02-08,79.2
100017,2021-11-06,99.4
100018,2023-03-30,68.2
100019,2021-06-21,70.1
100020,2022-08-21,94.0
100021,2023-05-17,63.7
100022,2021-01-18,73.3
100023,2022-06-22,67.1
100024,2023-01-29,86.4
100025,2023-02-27,100.0
100026,2021-11-04,81.1
100027,2022-03-20,88.9
100028,2021-05-24,77.5
100029,2021-10-11,79.0
100030,2020-12-30,71.6
100031,2021-04-09,83.7
100032,2021-05-10,79.7
100033,2020-09-30,90.2
100034,2021-12-30,59.4
100035,2022-08-16,140.0
100036,2022-01-12,90.2
100037,2020-12-13,84.7
100038,2021-06-16,85.6
100039,2023-05-23,74.9
100040,2022-12-20,92.9
100041,2021-01-06,79.0
100042,2020-09-18,76.7
100043,2023-03-21,76.3
100044,2022-02-01,100.0
100045,2022-02-12,85.8
100046,2022-04-12,78.6
100047,2023-02-18,69.6
100048,2021-02-25,46.1
100049,2021-07-17,49.9
100050,2021-09-14,66.4
100051,2022-11-20,67.3
100052,2021-06-30,56.7
100053,2023-05-02,86.6
100054,2020-10-11,71.0
100055,2022-07-05,93.9
100056,2022-04-17,77.8
100057,2023-04-07,86.2
100058,2021-06-21,74.1
100059,2021-02-04,95.5
100060,2021-11-29,83.2
100061,2021-05-28,70.3
100062,2021-09-01,66.2
100063,2022-03-04,73.4
100064,2022-06-11,89.4
100065,2021-10-31,83.9
100066,2021-04-15,77.1
100067,2020-09-29,84.7
100068,2022-09-19,73.7
100069,2020-12-20,98.8
100070,2022-09-29,79.4
100071,2023-02-17,82.3
100072,2022-09-18,69.2
100073,2021-02-03,82.4
100074,2022-10-20,96.4
100075,2021-04-07,70.6
100076,2021-12-01,75.5
100077,2021-11-22,69.0
100078,2021-04-06,72.2
100079,2023-01-17,76.4
100080,2022-02-23,69.7
100081,2021-08-09,69.1
100082,2020-12-12,82.0
100083,2022-09-12,80.0
100084,2020-09-07,66.5
100085,2021-07-19,90.2
100086,2022-07-09,78.6
100087,2020-12-17,66.9
100088,2022-04-09,67.5
100089,2020-10-09,79.5
100090,2021-06-03,80.8
100091,2022-02-11,62.2
100092,2022-07-19,84.0
100093,2021-02-02,85.8
100094,2020-12-31,84.0
100095,2021-03-20,83.2
100096,2023-04-08,83.9
100097,2020-10-30,92.6
100098,2020-10-19,85.8
100099,2021-02-26,58.6
100100,2022-11-30,71.0
100101,2022-12-25,81.9
100102,2021-11-24,60.5
100103,2023-01-13,67.0
100104,2022-09-12,77.7
100105,2021-12-28,95.3
100106,2022-12-11,77.2
100107,2021-12-19,84.3
100108,2022-05-05,77.5
100109,2020-09-09,86.0
100110,2022-05-13,72.4
100111,2022-12-18,66.0
100112,2020-09-19,68.1
100113,2021-10-16,100.0
100114,2021-08-22,65.8
100115,2020-12-06,70.7
100116,2021-11-29,76.0
100117,2022-12-04,69.9
100118,2023-02-17,75.5
100119,2020-10-10,84.5
100120,2020-10-15,65.8
100121,2022-04-06,88.4
100122,2021-10-17,65.0
100123,2022-08-28,67.9
100124,2022-02-04,91.7
100125,2021-09-03,67.8
100126,2022-08-27,57.7
100127,2022-08-05,77.2
100128,2023-03-08,79.2
100129,2023-04-02,84.1
100130,2023-04-13,75.2
100131,2021-07-14,80.2
100132,2022-11-08,78.0
100133,2021-06-11,98.0
100134,2021-02-05,82.5
100135,2022-10-18,
100136,2021-09-01,71.7
100137,2021-09-03,74.2
100138,2021-08-21,61.4
100139,2020-09-06,75.4
100140,2023-01-17,69.1
100141,2021-08-20,89.6
100142,2022-04-20,70.9
100143,2023-01-26,75.6
100144,2022-01-28,67.9
100145,2021-10-25,77.7
100146,2022-04-20,75.0
100147,2023-03-25,81.8
100148,2020-10-15,82.5
100149,2023-03-21,85.0
100150,2020-11-08,68.9
100151,2020-12-03,76.6
100152,2023-01-22,85.8
100153,2021-11-19,61.5
100154,2022-07-31,87.8
100155,2020-12-22,75.7
100156,2021-09-14,82.1
100157,2020-09-07,71.0
100158,2023-01-21,50.4
100159,2021-10-22,83.1
100160,2023-02-20,70.6
100161,2021-07-03,63.2
100162,2021-12-03,75.6
100163,2020-12-04,93.8
100164,2022-12-29,97.0
100165,2021-11-04,78.5
100166,2021-09-13,77.4
100167,2021-12-28,73.1
100168,2022-05-04,93.9
100169,2022-07-06,67.2
100170,2021-08-27,52.1
100171,2021-06-12,84.4
100172,2021-05-12,83.0
100173,2021-10-10,78.8
100174,2022-12-01,80.6
100175,2021-06-30,59.8
100176,2021-09-14,73.9
100177,2022-01-28,88.8
100178,2023-03-15,78.5
100179,2021-11-04,100.0
100180,2022-08-19,82.9
100181,2021-07-23,77.2
100182,2022-02-27,77.5
100183,2020-11-09,67.1
100184,2020-12-22,73.4
100185,2021-08-28,52.5
100186,2022-11-09,69.0
100187,2022-03-09,72.4
100188,2021-04-26,74.9
100189,2023-05-07,84.2
100190,2021-08-07,89.1
100191,2023-03-03,140.0
100192,2021-09-09,75.9
100193,2021-10-11,82.1
100194,2022-08-25,59.8
100195,2023-05-14,76.3
100196,2021-01-03,78.1
100197,2023-02-11,80.6
100198,2022-08-23,74.7
100199,2022-05-23,68.1
100200,2022-10-02,75.8
100201,2021-11-01,80.1
100202,2022-02-06,73.6
100203,not_a_date,84.1
100204,2022-08-07,74.7
100205,2021-12-31,76.6
100206,2020-11-15,66.5
100207,2021-05-02,81.5
100208,2023-01-19,68.7
100209,2023-02-04,80.7
100210,2022-09-28,86.1
100211,2022-02-01,75.8
100212,2021-03-08,79.3
100213,2022-07-08,78.9
100214,2021-05-09,85.0
100215,2020-10-20,67.9
100216,2021-01-09,62.4
100217,2021-12-15,80.6
100218,2021-03-11,82.3
100219,2022-08-22,100.0
100220,2022-12-07,70.8
100221,2022-01-31,74.0
100222,2023-05-25,95.0
100223,2022-02-09,84.9
100224,2022-08-25,78.9
100225,2022-03-11,87.5
100226,2022-11-29,77.9
100227,2022-11-24,79.1
100228,2023-03-24,63.6
100229,2020-11-07,70.0
100230,2022-09-16,61.3
100231,2021-06-28,100.0
100232,2020-12-06,82.6
100233,2022-02-01,66.5
100234,2021-09-14,79.6
100235,2021-10-12,69.5
100236,2022-07-31,57.6
100237,2021-06-10,82.1
100238,2022-04-08,87.9
100239,2021-02-01,66.3
100240,2021-08-31,85.0
100241,2020-11-07,84.4
100242,2022-09-16,77.0
100243,2021-08-01,63.3
100244,2022-09-10,72.6
100245,2022-08-07,76.8
100246,2021-09-16,
100247,2021-05-24,70.0
100248,2023-05-12,76.3
100249,2021-01-11,84.3
100250,2022-09-16,85.4
100251,2021-10-05,72.1
100252,2021-05-06,91.1
100253,2022-08-31,82.4
100254,2021-02-16,72.3
100255,2021-08-08,86.5
100256,2022-11-25,76.2
100257,2021-02-17,83.3
100258,2020-11-19,59.7
100259,2022-10-22,84.8
100260,2021-04-05,73.1
100261,2021-05-20,64.9
100262,2021-09-24,87.1
100263,2022-05-20,85.7
100264,not_a_date,89.9
100265,2022-06-15,50.5
100266,2023-01-29,88.5
100267,2022-01-26,70.2
100268,2020-12-27,93.2
100269,2022-05-13,68.3
100270,2020-10-18,96.3
100271,2020-10-21,70.9
100272,2021-05-04,52.6
100273,2022-11-27,80.2
100274,2023-02-01,56.8
100275,2021-01-14,72.0
100276,2020-09-17,89.1
100277,2023-01-23,82.6
100278,2022-12-28,85.0
100279,2021-04-30,89.3
100280,2020-12-09,77.4
100281,2023-03-18,78.4
100282,2022-04-28,76.1
100283,2023-05-06,74.1
100284,2022-05-08,86.1
100285,2022-09-14,100.0
100286,2021-08-07,
100287,2023-01-06,79.1
100288,2022-12-07,60.8
100289,2020-10-24,83.7
100290,2021-10-03,89.2
100291,2021-06-18,93.4
100292,2023-02-24,83.6
100293,2023-03-22,57.3
100294,2022-07-16,85.7
100295,2022-05-23,62.6
100296,2021-04-22,100.0
100297,2020-10-04,80.1
100298,2022-11-16,69.5
100299,2021-12-03,72.3
100300,2021-10-20,60.3
100301,2022-06-26,74.3
100302,2021-08-22,79.5
100303,2021-12-10,84.0
100304,2021-06-28,96.7
100305,2021-04-24,85.0
100306,2022-09-28,75.6
100307,2022-05-20,76.0
100308,2020-11-10,69.2
100309,2023-05-29,
100310,2021-06-11,64.7
100311,2023-05-06,67.8
100312,2020-09-02,93.7
100313,2022-02-08,80.5
100314,2020-12-24,69.7
100315,2022-11-05,70.2
100316,2022-01-20,67.4
100317,2022-08-26,84.2
100318,2022-11-06,62.1
100319,2022-03-01,65.7
100320,2021-04-24,69.7
100321,2021-05-04,82.7
100322,2021-04-24,80.5
100323,2021-04-02,79.1
100324,2023-03-27,76.9
100325,2021-11-18,67.9
100326,2021-11-17,80.6
100327,2023-03-09,70.4
100328,2020-12-20,78.5
100329,2021-07-31,81.5
100330,2023-04-12,76.4
100331,2023-05-30,90.0
100332,2022-07-06,88.7
100333,2022-08-19,70.6
100334,2023-03-14,70.8
100335,2021-10-02,91.4
100336,2022-07-21,69.4
100337,2021-09-24,72.4
100338,2023-01-07,71.1
100339,2021-11-04,78.1
100340,2020-11-29,76.3
100341,2021-11-06,90.2
100342,2020-10-07,77.1
100343,2023-01-20,71.0
100344,2023-02-26,82.8
100345,2022-09-16,81.1
100346,2021-08-28,88.5
100347,2023-05-25,74.5
100348,2023-01-13,72.7
100349,2022-07-24,78.4
100350,2023-05-27,72.6
100351,2020-10-16,
100352,2022-03-12,64.6
100353,2021-11-07,100.0
100354,2021-02-27,73.4
100355,2022-05-07,83.5
100356,2022-08-13,70.2
100357,2021-06-15,68.5
100358,2021-07-26,95.2
100359,2022-10-29,70.1
100360,2021-03-14,80.3
100361,2022-10-31,-5.0
100362,2021-11-14,69.0
100363,2021-07-14,73.7
100364,2022-03-27,60.5
100365,2021-11-23,88.8
100366,2022-03-17,74.2
100367,2021-06-24,80.3
100368,2022-02-11,79.5
100369,2022-06-29,92.2
100370,2022-04-17,78.7
100371,2020-12-15,75.9
100372,2022-03-04,81.0
100373,2022-12-14,93.9
100374,2022-06-20,77.2
100375,2020-10-07,84.3
100376,2021-10-20,74.1
100377,2022-04-23,53.7
100378,2021-10-18,76.5
100379,2021-08-04,77.5
100380,2022-11-21,75.4
100381,2021-02-21,140.0
100382,2022-01-29,100.0
100383,2023-01-23,75.3
100384,2020-10-11,90.1
100385,2021-07-04,89.4
100386,2021-10-16,77.2
100387,2021-02-24,84.8
100388,2022-12-13,81.9
100389,2023-03-17,85.1
100390,2023-05-17,84.9
100391,2022-02-11,79.7
100392,2022-06-27,83.8
100393,2020-09-06,74.1
100394,2023-02-11,82.9
100395,2023-03-08,84.5
100396,2021-01-11,77.2
100397,2022-02-28,77.7
100398,2023-04-25,90.1
100399,2021-06-18,58.6
100400,2022-10-10,100.0
100401,2022-11-27,73.5
100402,2022-01-28,73.4
100403,2021-09-13,81.6
100404,2022-06-23,96.9
100405,2022-03-15,78.2
100406,2022-05-05,63.8
100407,2021-04-09,76.4
100408,2021-03-14,92.6
100409,2022-12-14,73.6
100410,2023-03-20,70.4
100411,2022-01-27,82.4
100412,2020-12-23,71.2
100413,2023-03-15,69.7
100414,2022-09-29,78.2
100415,2022-06-14,72.0
100416,2020-09-19,81.9
100417,2021-05-11,65.5
100418,2020-10-15,75.8
100419,2021-10-12,98.0
100420,2022-05-12,86.4
100421,2023-02-07,71.9
100422,2022-12-01,76.1
100423,2021-12-05,64.2
100424,2022-10-06,80.5
100425,2021-05-21,87.9
100426,2020-09-01,81.9
100427,2023-03-31,61.8
100428,2020-12-29,140.0
100429,2021-02-04,76.3
100430,2023-01-08,77.4
100431,2021-05-26,88.8
100432,2021-05-31,66.5
100433,2023-03-26,91.2
100434,2022-10-29,100.0
100435,2022-08-09,79.2
100436,2022-05-09,86.2
100437,2022-06-23,75.0
100438,2020-10-12,69.4
100439,2021-09-06,83.9
100440,2021-01-02,83.2
100441,2022-05-02,94.1
100442,2022-01-14,97.4
100443,2023-05-25,82.4
100444,2021-05-28,87.7
100445,2022-06-15,92.2
100446,2020-11-08,85.7
100447,2023-04-15,64.9
100448,2020-10-29,68.6
100449,2021-04-02,75.4
100450,2022-09-06,65.7
100451,2023-01-01,79.4
100452,2021-12-12,65.6
100453,2022-12-08,79.8
100454,2022-12-06,74.4
100455,2022-06-18,97.9
100456,2021-11-06,76.2
100457,2022-11-05,85.9
100458,2021-08-25,69.0
100459,2021-02-13,65.3
100460,2022-11-07,76.9
100461,2022-01-19,75.5
100462,2021-07-26,72.5
100463,2023-02-05,63.7
100464,2021-09-21,84.3
100465,2023-01-26,85.3
100466,2021-08-03,69.9
100467,2023-02-23,65.1
100468,2022-11-06,67.4
100469,2020-12-22,75.7
100470,2021-07-05,85.5
100471,2020-12-19,82.9
100472,2023-04-10,67.9
100473,2022-10-06,63.5
100474,2021-01-25,69.9
100475,2021-12-18,57.9
100476,2021-01-10,75.0
100477,2021-06-14,85.6
100478,2020-09-09,77.1
100479,2022-05-10,96.7
100480,2022-07-20,62.7
100481,2022-04-28,75.8
100482,2021-10-27,140.0
100483,2021-06-12,100.0
100484,2022-04-24,90.1
100485,2020-09-03,55.4
100486,2020-09-25,76.5
100487,2021-01-23,77.1
100488,2021-01-27,64.1
100489,2022-03-03,81.5
100490,2023-01-08,78.0
100491,2022-03-25,79.2
100492,2021-04-24,70.0
100493,2022-06-20,64.1
100494,2022-12-15,60.1
100495,2021-03-02,80.0
100496,2021-02-13,81.0
100497,2021-11-20,69.1
100498,2022-03-31,82.3
100499,2023-02-17,71.5
100500,2022-09-17,60.4
100501,2023-02-23,87.7
100502,2020-11-26,96.3
100503,2021-06-19,79.6
100504,2021-06-27,75.1
100505,2021-08-31,90.8
100506,2021-11-21,78.2
100507,2023-03-13,56.9
100508,2022-08-01,81.8
100509,2023-04-10,73.0
100510,2021-08-31,85.6
100511,2021-02-20,95.1
100512,2022-02-11,65.0
100513,2020-10-20,80.8
100514,2022-06-08,76.5
100515,2021-03-23,78.5
100516,2021-05-16,68.7
100517,2022-07-22,62.5
100518,2023-05-11,73.4
100519,2022-07-10,85.6
100520,2021-03-31,72.5
100521,2021-11-19,71.0
100522,2021-02-24,81.4
100523,2023-01-27,92.7
100524,2021-02-14,89.9
100525,2023-04-17,77.6
100526,2021-06-09,86.6
100527,2021-01-17,75.5
100528,2022-01-21,81.7
100529,2021-08-14,92.9
100530,2021-12-04,86.5
100531,2022-08-29,70.1
100532,2020-09-06,87.8
100533,2022-07-08,83.0
100534,2022-11-01,75.1
100535,2023-05-04,76.8
100536,2022-05-10,99.8
100537,2021-08-12,76.5
100538,2022-10-14,70.5
100539,2023-02-01,75.0
100540,2022-03-27,71.1
100541,2022-10-02,60.2
100542,2021-12-10,85.0
100543,2022-09-17,78.2
100544,2021-11-12,71.8
100545,2022-09-01,81.6
100546,2022-12-07,89.1
100547,2021-11-04,95.1
100548,2021-04-27,75.6
100549,2021-09-14,73.7
100550,2022-10-28,94.1
100551,2021-03-31,97.1
100552,2021-11-15,84.0
100553,2022-06-21,59.5
100554,2020-12-08,66.4
100555,2022-08-01,72.4
100556,2023-05-02,77.7
100557,2022-04-08,79.0
100558,2022-09-02,81.9
100559,2021-11-26,68.5
100560,2021-12-05,67.9
100561,2022-06-09,72.0
100562,not_a_date,73.5
100563,2022-04-18,89.3
100564,2022-02-10,83.3
100565,2023-05-02,
100566,2022-12-20,91.4
100567,2021-01-08,63.4
100568,2021-08-09,84.6
100569,2020-10-28,77.3
100570,2022-09-07,74.5
100571,2022-01-09,64.5
100572,2021-11-24,99.3
100573,2020-09-11,72.2
100574,2022-11-28,83.7
100575,2022-05-24,74.4
100576,2022-12-18,73.0
100577,2023-03-14,78.0
100578,2022-01-20,56.3
100579,2021-07-28,98.7
100580,2021-10-07,81.4
100581,2021-05-31,74.3
100582,2021-12-07,78.9
100583,2021-12-15,72.6
100584,2021-11-08,65.0
100585,2021-11-13,100.0
100586,2022-10-18,73.4
100587,2021-09-15,80.2
100588,2022-03-03,100.0
100589,2022-01-10,86.8
100590,2020-11-24,77.6
100591,2021-04-14,74.9
100592,2021-06-17,100.0
100593,2023-01-30,84.4
100594,2022-06-09,81.7
100595,2021-01-15,71.6
100596,2021-09-17,85.5
100597,2022-04-06,88.2
100598,2022-05-07,71.6
100599,2021-02-13,69.2
100600,2021-02-17,70.0
100601,2023-05-13,76.7
100602,2023-04-15,91.2
100603,2022-10-29,77.3
100604,2022-09-07,69.8
100605,2021-11-05,76.6
100606,2021-12-12,83.7
100607,2023-04-17,75.3
100608,2021-09-11,79.0
100609,2021-07-26,83.8
100610,2021-07-05,72.0
100611,2023-04-28,73.4
100612,2021-02-26,63.0
100613,2020-10-25,62.7
100614,2021-06-25,91.8
100615,2022-08-02,64.1
100616,2021-03-31,84.4
100617,2022-08-29,71.7
100618,2021-12-10,78.0
100619,2021-09-08,85.4
100620,2023-03-06,62.4
100621,2021-07-06,100.0
100622,2021-03-19,89.5
100623,2021-09-06,74.0
100624,2022-01-31,80.1
100625,2021-12-12,91.1
100626,2022-09-17,76.9
100627,2022-09-11,92.5
100628,2020-11-05,84.9
100629,not_a_date,75.9
100630,2022-10-12,79.2
100631,2023-05-31,91.0
100632,2022-03-26,76.4
100633,2022-10-07,
100634,2023-05-21,66.2
100635,2021-08-08,69.5
100636,2022-04-26,68.4
100637,2020-09-13,79.2
100638,2021-06-18,83.6
100639,2021-11-17,71.9
100640,2022-05-20,82.8
100641,2022-02-14,51.1
100642,2022-02-23,73.0
100643,2020-12-17,84.0
100644,2020-12-21,70.7
100645,2021-10-04,92.2
100646,2021-10-27,89.8
100647,2021-01-14,67.5
100648,2022-10-17,81.2
100649,2020-11-12,85.5
100650,2021-03-17,88.2
100651,2022-04-26,140.0
100652,2021-04-06,87.3
100653,2022-07-15,83.6
100654,2022-10-14,62.5
100655,2022-01-13,90.5
100656,2022-07-07,85.9
100657,2022-10-23,96.2
100658,2021-08-01,70.0
100659,2020-10-20,92.1
100660,2022-03-30,81.8
100661,2020-12-15,69.7
100662,2021-08-07,77.0
100663,2022-01-02,78.8
100664,2022-03-12,78.8
100665,2021-05-24,84.3
100666,2022-11-12,81.4
100667,2021-06-07,58.7
100668,2021-08-23,61.6
100669,2022-02-28,94.8
100670,2021-05-08,63.9
100671,2021-11-03,70.2
100672,2022-10-01,69.7
100673,2020-09-03,71.4
100674,2022-01-26,75.6
100675,2023-02-09,80.1
100676,2021-06-25,73.3
100677,2021-06-10,77.0
100678,2021-02-14,73.1
100679,2021-01-16,76.4
100680,2021-11-28,73.3
100681,2021-05-14,80.1
100682,2020-12-25,87.1
100683,2022-10-17,89.9
100684,2021-07-18,87.1
100685,2021-09-19,71.8
100686,2023-04-24,89.7
100687,2021-05-17,70.4
100688,2022-10-04,88.9
100689,2022-02-24,65.0
100690,2022-10-27,100.0
100691,2021-06-29,77.6
100692,2022-02-27,65.9
100693,2023-01-11,75.8
100694,2022-05-06,80.1
100695,2021-08-13,87.2
100696,2022-07-10,76.6
100697,2023-03-21,84.8
100698,2021-08-22,72.5
100699,2023-01-20,82.0
100700,2023-03-10,-5.0
100701,2020-12-09,79.3
100702,2022-03-31,46.8
100703,2020-12-02,74.0
100704,2020-11-17,
100705,2022-03-13,78.6
100706,2021-03-09,78.6
100707,2020-09-24,92.5
100708,2021-08-09,93.0
100709,2023-01-03,92.5
100710,2021-01-29,74.2
100711,2022-02-01,78.7
100712,2022-08-25,81.4
100713,2021-01-19,100.0
100714,2022-04-18,75.5
100715,2022-10-19,90.4
100716,2021-03-31,57.1
100717,2022-10-20,88.0
100718,2021-11-28,
100719,2021-12-16,
100720,2021-07-12,81.9
100721,2021-10-17,86.3
100722,2023-01-04,80.4
100723,2022-03-23,94.5
100724,2021-10-03,96.8
100725,2021-01-20,67.5
100726,2021-08-18,67.5
100727,2021-01-02,77.5
100728,2023-04-21,81.4
100729,2021-11-02,100.0
100730,2021-01-31,78.0
100731,2021-11-03,76.4
100732,2021-08-18,82.9
100733,2021-06-10,74.1
100734,2021-10-29,53.2
100735,2020-10-06,78.6
100736,2022-08-13,71.2
100737,2020-10-14,66.8
100738,2022-01-23,87.4
100739,2023-03-07,83.4
100740,2021-11-15,68.2
100741,2021-11-25,82.1
100742,2023-05-08,89.5
100743,2021-11-28,83.1
100744,2023-05-23,77.4
100745,2022-04-05,88.3
100746,2022-05-20,96.5
100747,2023-05-09,66.7
100748,2022-01-19,84.1
100749,2021-03-30,66.2
100750,2022-10-07,78.5
100751,2021-03-31,91.5
100752,2021-11-17,100.0
100753,2022-06-02,92.2
100754,2023-01-09,82.5
100755,2021-07-25,91.8
100756,2020-11-28,78.8
100757,2021-06-15,75.3
100758,2021-10-28,78.4
100759,2022-04-14,93.5
100760,2022-05-12,81.4
100761,2023-05-25,71.2
100762,2021-12-15,96.4
100763,2022-07-17,80.9
100764,2022-06-30,60.0
100765,2022-09-04,77.4
100766,2021-11-25,71.5
100767,2020-11-10,77.3
100768,2023-02-06,94.7
100769,2020-09-22,75.1
100770,2020-09-04,78.0
100771,2021-02-06,78.9
100772,2022-07-11,88.4
100773,2020-11-10,81.0
100774,2022-09-14,90.6
100775,2022-09-04,73.2
100776,2020-10-14,78.5
100777,2021-12-06,87.5
100778,2020-09-24,64.2
100779,2021-05-28,78.7
100780,2021-06-09,76.7
100781,2023-01-03,83.4
100782,2020-10-11,82.8
100783,2021-04-19,62.7
100784,2021-12-16,
100785,2022-09-26,79.8
100786,2021-01-11,91.7
100787,2021-04-07,65.1
100788,2022-07-28,85.1
100789,2022-04-11,84.0
100790,2022-07-07,64.5
100791,2021-07-15,80.9
100792,2022-05-15,82.9
100793,2022-09-28,72.2
100794,2022-08-26,77.9
100795,2023-04-12,88.4
100796,2023-04-10,68.4
100797,2021-07-14,61.0
100798,2022-03-06,100.0
100799,2020-12-31,79.7
100800,2021-01-24,48.5
100801,2022-09-16,66.4
100802,2022-03-22,72.2
100803,2023-05-30,60.6
100804,2022-08-05,79.7
100805,2022-07-19,62.0
100806,2021-04-18,83.6
100807,2022-10-07,92.7
100808,2022-02-02,86.1
100809,2021-12-29,73.4
100810,2022-01-27,100.0
100811,2022-08-03,81.5
100812,2021-01-17,89.4
100813,2021-08-08,95.6
100814,2021-12-21,76.6
100815,2020-09-17,58.9
100816,2023-01-24,60.7
100817,not_a_date,78.6
100818,2020-11-07,65.1
100819,2022-09-10,84.9
100820,2022-03-14,99.1
100821,2020-12-06,80.5
100822,2021-10-26,99.0
100823,2022-10-26,79.6
100824,2021-04-18,72.6
100825,2022-07-28,98.7
100826,2023-03-20,78.7
100827,2022-05-24,90.9
100828,2022-06-24,69.6
100829,2022-05-20,79.9
100830,2022-06-14,75.6
100831,2021-02-08,80.9
100832,2021-09-14,77.4
100833,2022-07-27,79.5
100834,2021-09-24,140.0
100835,2023-04-16,75.5
100836,2021-01-12,67.5
100837,2021-11-12,75.9
100838,2022-01-23,83.6
100839,2022-06-10,78.7
100840,2021-12-01,82.9
100841,2022-05-19,87.8
100842,2023-05-06,71.9
100843,2021-12-23,80.8
100844,2022-04-25,60.7
100845,2022-09-24,81.3
100846,2023-02-25,90.3
100847,2022-01-16,73.8
100848,2021-10-03,86.3
100849,2021-10-27,76.2
100850,2022-10-04,66.4
100851,2021-09-15,80.2
100852,2020-12-26,88.2
100853,2022-06-15,67.6
100854,2022-05-16,76.9
100855,2022-10-25,78.2
100856,not_a_date,95.4
100857,2022-04-17,97.4
100858,2021-03-12,78.4
100859,2022-12-26,
100860,2022-10-22,76.3
100861,2022-04-19,63.8
100862,2021-07-25,78.3
100863,2023-04-04,87.1
100864,2021-08-24,88.7
100865,2021-11-25,67.5
100866,2021-10-25,97.8
100867,2021-10-05,63.8
100868,2022-08-03,76.2
100869,2020-11-05,95.6
100870,2022-02-23,100.0
100871,2020-09-06,82.3
100872,not_a_date,92.6
100873,2022-03-27,61.3
100874,2022-07-10,87.9
100875,2020-11-16,73.1
100876,not_a_date,89.3
100877,2021-03-22,81.7
100878,2022-08-28,80.9
100879,2021-06-15,63.8
100880,2023-04-16,73.5
100881,not_a_date,82.2
100882,2023-03-02,83.0
100883,2023-04-01,91.4
100884,2022-12-14,68.3
100885,2021-09-17,65.9
100886,2022-07-27,87.8
100887,2021-03-25,66.8
100888,2020-12-17,62.8
100889,2023-05-04,75.9
100890,2021-03-11,61.7
100891,2021-03-24,95.9
100892,2023-04-05,79.3
100893,2021-05-10,73.1
100894,2023-01-25,76.6
100895,2021-10-29,63.5
100896,2022-12-08,79.9
100897,2021-11-24,86.6
100898,2023-02-15,74.5
100899,2022-09-26,90.1
100900,2020-10-05,91.5
100901,2021-04-24,65.2
100902,2021-03-01,88.9
100903,2023-05-13,77.3
100904,2022-09-01,86.5
100905,2021-02-03,83.1
100906,2022-07-29,85.8
100907,2020-12-08,74.5
100908,2022-02-23,84.0
100909,2022-03-01,75.8
100910,2021-01-17,68.2
100911,2022-02-06,88.7
100912,2022-07-12,79.4
100913,2021-01-10,94.8
100914,2021-09-07,81.8
100915,2021-09-06,91.8
100916,2021-10-31,96.1
100917,2022-03-16,75.9
100918,2022-07-11,62.3
100919,2020-12-17,69.9
100920,2023-04-10,79.6
100921,2021-07-31,69.3
100922,2022-11-15,73.9
100923,2021-04-16,90.3
100924,2021-08-02,82.0
100925,2022-09-29,86.8
100926,2022-10-12,78.0
100927,2021-05-25,73.5
100928,2021-08-14,70.1
100929,2021-02-05,73.3
100930,2022-03-22,73.9
100931,2020-09-23,88.3
100932,2023-01-06,87.2
100933,2022-09-07,92.4
100934,2020-09-09,81.4
100935,2022-09-18,70.1
100936,2020-12-22,75.7
100937,2021-11-14,86.3
100938,2021-10-12,87.9
100939,2023-02-28,81.9
100940,2020-10-30,67.7
100941,2021-08-12,74.9
100942,2023-03-19,79.7
100943,2021-03-07,74.8
100944,2020-11-03,80.7
100945,2022-10-15,63.6
100946,2022-09-13,66.2
100947,2023-03-18,91.0
100948,2023-05-24,86.0
100949,2022-08-27,85.3
100950,2023-04-04,82.6
100951,2022-08-01,86.1
100952,2021-01-01,82.6
100953,2022-08-16,69.6
100954,2021-01-31,80.3
100955,2021-12-14,86.2
100956,2021-06-18,78.4
100957,2021-11-23,75.6
100958,2021-01-21,84.5
100959,2022-12-28,79.5
100960,2022-03-19,68.8
100961,2022-05-16,76.3
100962,2022-10-25,90.3
100963,2020-10-23,81.7
100964,2021-06-07,77.4
100965,2021-05-29,72.2
100966,2021-04-23,52.3
100967,2022-11-18,68.6
100968,2023-03-03,83.4
100969,2023-05-01,100.0
100970,2022-07-07,75.6
100971,2021-09-09,74.4
100972,2021-11-16,100.0
100973,2021-01-29,62.3
100974,2022-08-12,93.7
100975,2022-05-28,85.6
100976,2022-08-08,89.2
100977,2021-11-18,100.0
100978,2022-10-15,91.5
100979,2022-11-05,85.1
100980,2021-01-17,70.1
100981,2021-06-09,69.6
100982,2022-12-02,82.9
100983,2021-04-23,72.8
100984,2022-11-12,60.8
100985,2021-04-03,81.8
100986,2021-05-02,56.7
100987,2022-04-30,71.0
100988,2023-02-10,86.9
100989,2021-01-06,
100990,2021-03-08,71.7
100991,2021-07-14,78.8
100992,2022-08-20,92.3
100993,2023-01-15,100.0
100994,2022-03-26,73.5
100995,2021-10-07,83.8
100996,2021-01-19,82.0
100997,2022-12-24,75.3
100998,2021-12-31,61.7
100999,2021-03-03,94.6
101000,2021-12-05,78.2
101001,2023-04-20,84.7
101002,2021-01-26,89.2
101003,2020-12-23,82.3
101004,2022-05-30,84.0
101005,2021-10-21,54.6
101006,2022-04-26,79.5
101007,2022-08-10,79.6
101008,2022-06-03,77.0
101009,2020-12-15,75.9
101010,2020-12-12,73.4
101011,2021-09-01,70.2
101012,2022-07-16,89.2
101013,2021-08-19,74.8
101014,2023-04-30,72.7
101015,2022-07-04,80.8
101016,2022-03-15,88.8
101017,2021-10-01,74.4
101018,2022-09-14,52.4
101019,2022-12-03,84.5
101020,2023-02-12,86.0
101021,2020-10-23,91.7
101022,2021-01-14,85.8
101023,2021-01-03,80.9
101024,2021-07-29,95.8
101025,2020-10-02,80.8
101026,2021-11-22,82.9
101027,2021-04-16,75.5
101028,2021-06-10,77.0
101029,2022-08-14,78.6
101030,2020-12-23,88.5
101031,2022-02-15,71.3
101032,2023-05-11,89.8
101033,2022-06-08,58.6
101034,2023-04-24,79.4
101035,2023-03-05,87.5
101036,2023-05-05,81.9
101037,2022-07-23,79.5
101038,2021-01-03,78.6
101039,2022-10-19,68.8
101040,2022-02-18,77.6
101041,2021-09-19,84.5
101042,2023-03-05,72.8
101043,2022-09-15,76.9
101044,2023-03-08,80.3
101045,2021-08-01,72.1
101046,2022-10-28,79.5
101047,2023-03-10,71.7
101048,2023-01-07,93.3
101049,2022-04-05,86.6
101050,2021-06-26,70.8
101051,2022-01-07,89.9
101052,2023-04-08,100.0
101053,2021-05-29,82.7
101054,2022-04-07,80.0
101055,2022-09-26,73.8
101056,2023-04-25,72.7
101057,2021-06-12,88.7
101058,2023-02-01,71.9
101059,2023-01-23,80.1
101060,2023-05-20,96.5
101061,2021-09-15,82.3
101062,2021-06-21,66.6
101063,2021-09-19,85.2
101064,2021-11-16,55.0
101065,2021-06-02,76.1
101066,2023-04-19,59.5
101067,2023-05-07,82.7
101068,2022-08-29,69.0
101069,2022-03-27,77.7
101070,2021-10-14,87.4
101071,2022-04-02,75.8
101072,2021-01-28,87.3
101073,2023-05-18,66.6
101074,2021-08-15,69.9
101075,2022-06-20,87.8
101076,2020-10-22,71.4
101077,2021-04-26,-5.0
101078,2020-10-28,66.7
101079,2021-01-10,80.4
101080,2021-10-15,80.8
101081,2022-01-31,80.6
101082,2020-11-10,92.8
101083,2020-09-15,73.5
101084,2022-06-28,66.7
101085,2021-07-17,73.4
101086,2022-07-07,84.6
101087,2021-12-29,66.9
101088,2022-05-08,80.0
101089,2021-06-13,73.4
101090,2020-10-19,66.8
101091,2023-01-13,81.7
101092,2022-10-22,76.8
101093,2021-06-02,92.7
101094,2022-11-23,77.0
101095,2021-01-16,62.5
101096,2021-01-07,69.3
101097,2021-01-06,70.7
101098,2021-09-24,64.6
101099,2021-02-23,86.2
101100,not_a_date,82.1
101101,2021-11-18,76.0
101102,2023-05-11,91.2
101103,2022-12-09,69.7
101104,2021-06-08,77.5
101105,2022-03-13,76.5
101106,2022-02-19,86.6
101107,2021-04-18,60.5
101108,2022-11-01,75.7
101109,2021-02-20,94.9
101110,2023-05-22,44.6
101111,2020-10-04,63.2
101112,2022-04-13,65.2
101113,2021-08-08,77.2
101114,2022-03-09,83.7
101115,2022-07-30,82.5
101116,2022-10-12,140.0
101117,2021-10-20,84.1
101118,2021-01-03,90.6
101119,2021-10-16,70.4
101120,2021-09-24,86.2
101121,2022-09-26,60.3
101122,2022-12-18,67.6
101123,2023-04-05,77.3
101124,2022-01-18,67.8
101125,2023-03-14,73.0
101126,2021-09-11,63.2
101127,2022-10-20,66.5
101128,2021-07-11,74.2
101129,2022-01-09,94.0
101130,2022-09-03,-5.0
101131,2022-05-05,73.3
101132,2022-08-17,79.7
101133,2021-10-08,68.4
101134,2020-11-22,83.4
101135,2021-09-26,66.8
101136,2021-01-14,64.2
101137,2021-09-06,89.6
101138,2021-10-10,65.9
101139,2021-11-17,68.7
101140,2022-02-20,81.7
101141,2022-05-21,93.0
101142,2023-01-13,75.6
101143,2021-08-01,67.8
101144,2021-10-06,64.0
101145,2022-07-13,84.6
101146,2021-07-02,72.8
101147,2022-06-11,70.0
101148,2021-12-11,80.6
101149,2020-12-01,96.2
101150,2022-09-12,78.6
101151,2021-07-14,73.7
101152,2022-06-26,67.9
101153,2023-03-31,77.5
101154,2020-12-24,70.6
101155,2020-09-11,74.6
101156,2023-05-10,76.5
101157,2023-03-31,67.2
101158,2022-01-25,82.4
101159,2020-10-19,75.4
101160,2021-09-29,81.6
101161,2023-05-18,77.4
101162,2021-09-28,73.0
101163,2021-08-09,74.8
101164,2022-06-26,64.0
101165,2022-03-29,83.3
101166,2022-01-20,
101167,2022-12-25,91.8
101168,2021-05-03,95.1
101169,2021-05-21,63.6
101170,2021-07-10,83.7
101171,2021-01-05,72.6
101172,2022-11-01,82.8
101173,2020-09-19,75.8
101174,2022-07-30,81.4
101175,2020-09-20,68.0
101176,2020-10-14,74.1
101177,2022-08-08,77.0
101178,2020-09-03,72.4
101179,2022-06-14,79.0
101180,2020-09-02,78.7
101181,2021-03-08,65.8
101182,2022-05-13,77.6
101183,2021-12-12,83.8
101184,2022-09-22,78.3
101185,2022-12-16,72.2
101186,2021-02-11,100.0
101187,2020-11-25,75.8
101188,2022-07-31,86.5
101189,2020-09-01,63.1
101190,2021-04-18,68.2
101191,2020-10-28,78.0
101192,2021-04-24,72.3
101193,2021-03-25,85.5
101194,2020-11-18,70.1
101195,2021-03-15,86.4
101196,2022-12-20,74.6
101197,2021-04-13,80.7
101198,2021-10-09,62.7
101199,2021-02-27,57.4
101200,2023-01-11,68.2
101201,2021-07-06,52.7
101202,2023-05-20,74.3
101203,2022-07-17,91.7
101204,2021-08-02,69.6
101205,2022-11-20,62.4
101206,2021-01-14,78.1
101207,2023-04-20,82.4
101208,2023-04-09,72.9
101209,2021-02-24,71.8
101210,2021-11-22,76.2
101211,2021-11-06,77.6
101212,2021-02-20,81.2
101213,2021-11-15,78.8
101214,2021-04-03,72.8
101215,2022-04-21,86.8
101216,2021-06-05,74.3
101217,2022-07-30,81.8
101218,2021-12-26,95.6
101219,2021-06-01,82.1
101220,2022-03-23,78.7
101221,2020-10-15,87.3
101222,2023-05-23,69.9
101223,2022-10-12,67.7
101224,2021-05-13,81.0
101225,2021-12-21,64.6
101226,2021-07-08,85.9
101227,2023-02-02,70.4
101228,2022-01-18,79.3
101229,2021-10-20,66.4
101230,2022-08-12,78.4
101231,2021-03-20,74.1
101232,2022-02-10,60.4
101233,2022-07-07,89.4
101234,2022-10-02,92.8
101235,2023-02-12,94.0
101236,2022-02-23,78.2
101237,2022-03-19,94.6
101238,2022-04-21,82.6
101239,2022-06-23,84.7
101240,2022-09-25,93.4
101241,2023-04-13,84.1
101242,2022-10-07,65.9
101243,2023-04-22,81.0
101244,2021-01-22,100.0
101245,2022-03-15,83.3
101246,2020-09-14,75.2
101247,2022-01-08,64.5
101248,2021-11-20,73.6
101249,2021-08-16,80.4
101250,2021-04-14,64.8
101251,2021-10-09,74.9
101252,2023-01-14,82.0
101253,2022-07-12,79.3
101254,2020-09-22,85.6
101255,2023-02-22,97.2
101256,2022-12-06,96.6
101257,2021-03-24,82.2
101258,2022-01-18,87.1
101259,2021-05-21,78.4
101260,2022-10-14,82.2
101261,2020-11-07,89.1
101262,2021-10-07,97.6
101263,2022-05-12,77.9
101264,2023-01-31,88.7
101265,2020-12-14,88.1
101266,2023-04-19,83.9
101267,2021-06-02,88.5
101268,2021-01-09,83.1
101269,2022-08-05,64.9
101270,2022-09-18,81.9
101271,2023-02-05,83.6
101272,2022-01-30,77.2
101273,2021-04-03,67.9
101274,2020-11-26,72.2
101275,2022-03-08,93.9
101276,2020-12-04,77.7
101277,2020-10-27,81.0
101278,2022-04-01,68.4
101279,2022-08-03,94.6
101280,2023-03-28,70.8
101281,2022-07-31,87.0
101282,2022-04-15,75.3
101283,2022-03-14,77.5
101284,2022-02-16,70.7
101285,2022-07-05,90.1
101286,2022-02-17,79.4
101287,2021-07-17,74.1
101288,2022-02-17,90.6
101289,2022-11-08,62.6
101290,2022-09-23,65.7
101291,2023-04-07,88.6
101292,2023-03-04,73.9
101293,2022-06-23,68.2
101294,2022-05-24,67.5
101295,2021-07-11,92.3
101296,2023-05-13,70.5
101297,2020-09-27,70.3
101298,2021-12-08,99.7
101299,2022-02-19,96.2
101300,2023-02-28,70.2
101301,2021-08-27,80.6
101302,2021-09-18,84.1
101303,2021-06-08,74.2
101304,2021-03-15,
101305,2021-04-12,55.4
101306,2021-06-18,71.8
101307,not_a_date,-5.0
101308,2021-10-06,69.9
101309,2022-05-19,77.0
101310,2022-08-08,96.0
101311,2022-12-20,76.2
101312,2021-06-28,91.3
101313,2022-01-03,63.2
101314,2022-05-08,64.9
101315,2021-11-11,78.7
101316,2021-11-27,85.4
101317,2021-05-27,58.9
101318,2021-12-15,88.5
101319,2023-01-26,72.8
101320,2022-03-29,78.6
101321,2021-03-13,68.7
101322,2022-01-23,80.3
101323,2021-06-29,74.7
101324,2021-06-02,80.2
101325,2021-01-10,63.8
101326,2020-12-20,64.1
101327,2022-04-01,57.9
101328,2021-09-22,90.3
101329,2021-02-03,82.5
101330,2022-03-30,90.6
101331,2021-07-17,89.0
101332,2020-10-03,70.0
101333,2023-01-01,75.1
101334,2020-11-03,92.0
101335,2022-06-22,70.5
101336,2021-06-03,86.1
101337,2022-08-09,74.8
101338,2023-05-16,66.6
101339,2022-05-29,83.7
101340,2021-02-18,77.9
101341,2023-05-07,82.9
101342,2021-11-13,71.9
101343,2021-02-16,79.1
101344,2021-05-19,61.4
101345,2021-07-15,81.5
101346,2022-11-09,82.0
101347,2021-04-05,87.6
101348,2021-09-18,95.1
101349,2021-04-16,69.4
101350,2022-01-08,64.2
101351,2023-02-13,80.3
101352,2023-03-04,81.0
101353,2023-04-01,77.5
101354,2021-08-31,74.4
101355,2021-07-26,88.2
101356,2022-10-01,69.2
101357,2020-12-29,74.2
101358,2022-12-30,80.4
101359,2021-04-20,71.6
101360,2023-05-26,64.6
101361,2021-05-18,75.6
101362,2022-07-27,75.4
101363,2021-06-21,65.6
101364,2021-04-01,90.9
101365,2020-12-03,75.6
101366,2021-05-01,72.7
101367,2022-12-02,77.1
101368,2020-09-14,85.8
101369,2021-05-18,67.9
101370,2021-10-12,93.0
101371,2023-05-10,86.4
101372,2022-05-14,58.9
101373,2022-05-24,90.8
101374,2022-11-12,66.1
101375,2021-01-10,81.3
101376,2020-11-16,86.1
101377,2021-05-14,82.6
101378,2021-12-16,69.8
101379,2020-12-25,79.0
101380,2020-12-30,81.1
101381,2022-02-13,67.7
101382,2022-10-26,71.6
101383,2020-09-14,66.6
101384,2022-02-15,68.7
101385,2022-11-18,69.5
101386,2023-05-18,76.7
101387,2020-10-27,77.0
101388,2022-11-14,91.6
101389,2020-12-10,61.6
101390,2022-11-26,76.1
101391,2022-08-15,83.1
101392,2021-03-14,59.2
101393,2021-01-27,60.4
101394,2021-05-12,94.1
101395,2023-05-04,83.7
101396,2022-07-09,72.3
101397,2022-07-05,79.0
101398,2022-07-26,81.4
101399,2020-12-25,80.6
101400,2020-11-06,83.1
101401,2022-07-28,77.4
101402,2023-05-05,79.2
101403,2022-04-26,80.6
101404,2022-06-18,
101405,2022-01-08,80.3
101406,2020-11-08,
101407,2022-10-05,68.0
101408,2020-11-21,73.5
101409,2022-10-21,65.5
101410,2021-01-21,67.7
101411,2022-03-20,75.7
101412,2022-11-24,
101413,2022-06-24,68.4
101414,2023-03-17,85.8
101415,2023-03-27,80.4
101416,2022-09-05,67.6
101417,2021-02-03,88.2
101418,2022-10-31,73.3
101419,2022-12-25,67.6
101420,2022-06-20,82.5
101421,2022-09-08,86.7
101422,2021-06-19,70.1
101423,2021-01-02,78.4
101424,2021-07-30,72.9
101425,2021-07-19,78.3
101426,2021-08-10,61.8
101427,2021-05-11,90.4
101428,2022-05-22,76.4
101429,2021-11-25,92.9
101430,2021-08-27,81.5
101431,2022-08-26,85.7
101432,2020-11-12,86.6
101433,2021-11-15,84.7
101434,2022-05-12,58.9
101435,2020-11-05,86.9
101436,2021-08-06,69.9
101437,2021-11-14,77.3
101438,2021-04-22,73.6
101439,2023-01-10,81.7
101440,2022-02-21,87.0
101441,2023-05-12,85.0
101442,2020-11-13,74.6
101443,2020-09-29,79.5
101444,2022-04-27,64.9
101445,2022-09-09,76.0
101446,2023-03-14,78.0
101447,2021-12-06,77.6
101448,2022-11-30,80.4
101449,2022-07-25,67.1
101450,2023-05-31,65.1
101451,2022-06-22,85.1
101452,2022-10-23,89.8
101453,2021-08-30,88.7
101454,2022-06-26,70.4
101455,2022-01-10,86.9
101456,2022-03-21,84.9
101457,2021-01-07,93.9
101458,2021-11-27,79.1
101459,2022-01-02,59.9
101460,2023-01-07,94.6
101461,2021-02-05,79.4
101462,2022-01-25,76.9
101463,2022-08-29,65.1
101464,2021-03-16,72.8
101465,2023-03-26,90.2
101466,2021-02-28,74.3
101467,2022-01-12,72.3
101468,2021-06-15,88.2
101469,2022-08-02,77.7
101470,2022-02-25,95.1
101471,2021-04-02,85.1
101472,2021-11-28,90.9
101473,2022-04-10,74.3
101474,2021-10-09,64.5
101475,2021-10-11,87.9
101476,2021-04-17,63.5
101477,2022-03-24,71.9
101478,2021-04-30,88.3
101479,2023-03-02,71.2
101480,2020-09-14,
101481,2023-03-13,83.2
101482,2022-09-29,89.6
101483,2021-09-08,57.3
101484,2021-09-12,92.2
101485,2021-09-12,73.4
101486,2021-05-09,
101487,2022-10-22,78.5
101488,2022-12-17,64.4
101489,2021-08-24,140.0
101490,2021-03-12,90.8
101491,2021-02-14,63.9
101492,2023-05-07,81.5
101493,2021-12-12,83.6
101494,2022-01-25,84.2
101495,2021-02-06,92.8
101496,2023-03-31,90.9
101497,2020-12-11,83.5
101498,2022-09-12,77.8
101499,2021-02-15,83.4
101500,2021-03-10,69.7
101501,2022-07-20,80.0
101502,2023-03-23,70.1
101503,2022-11-16,76.5
101504,2021-07-03,57.4
101505,2021-12-29,80.3
101506,2021-09-08,82.3
101507,2020-12-11,78.2
101508,2022-02-22,71.5
101509,2023-02-27,92.2
101510,2021-07-05,70.1
101511,2020-12-22,87.7
101512,2023-05-10,76.2
101513,2022-03-18,87.0
101514,2021-09-05,81.3
101515,2023-03-10,83.0
101516,2021-05-18,79.7
101517,2020-11-01,
101518,2022-12-01,82.4
101519,2021-04-16,98.6
101520,2022-01-06,87.0
101521,2023-02-26,75.4
101522,2022-07-03,72.9
101523,2020-09-01,68.8
101524,2021-03-13,67.2
101525,2021-12-25,83.7
101526,2022-05-08,70.1
101527,2021-10-12,72.6
101528,2021-08-19,73.9
101529,2021-05-27,81.4
101530,2022-03-24,84.7
101531,2022-08-14,58.9
101532,2022-06-01,65.7
101533,2021-07-22,80.9
101534,2021-10-29,98.8
101535,2023-04-11,72.6
101536,2023-03-02,94.9
101537,2021-12-01,85.4
101538,2022-04-19,74.3
101539,2021-06-07,60.9
101540,2020-09-28,87.5
101541,2023-05-01,90.1
101542,2023-01-27,69.4
101543,2021-02-15,83.3
101544,2022-02-02,85.6
101545,2021-12-05,70.7
101546,2022-11-06,75.0
101547,2021-06-10,75.5
101548,2023-01-18,93.1
101549,2022-05-04,67.2
101550,2020-10-29,57.4
101551,2021-06-27,77.2
101552,2021-04-11,65.7
101553,2020-10-28,76.7
101554,2021-07-09,85.4
101555,2022-08-15,76.2
101556,2021-07-15,89.3
101557,2023-02-20,
101558,2023-04-21,84.5
101559,2022-04-21,62.6
101560,2022-09-01,82.6
101561,2022-12-07,92.5
101562,2021-04-07,75.6
101563,2022-09-23,72.2
101564,2022-02-21,80.4
101565,2021-04-18,88.0
101566,2022-11-07,79.2
101567,2021-01-31,67.2
101568,2022-09-23,73.8
101569,2021-06-22,92.0
101570,2021-07-06,84.9
101571,2021-12-26,86.1
101572,2022-08-16,78.7
101573,2022-10-01,66.6
101574,2022-04-09,89.7
101575,2021-01-27,79.3
101576,2022-08-27,85.6
101577,2021-05-16,67.8
101578,2021-11-29,82.5
101579,2021-07-27,70.2
101580,2022-08-05,96.9
101581,2022-01-28,79.4
101582,2022-09-16,86.4
101583,2021-05-04,79.8
101584,2021-10-19,75.7
101585,2022-12-30,87.1
101586,2021-02-17,77.9
101587,2023-01-06,51.6
101588,2020-11-10,84.7
101589,2020-12-30,78.3
101590,2023-01-22,57.9
101591,2023-02-26,84.0
101592,2023-05-27,82.4
101593,2021-11-26,89.8
101594,2021-11-18,59.6
101595,2022-06-13,72.1
101596,2021-08-06,72.6
101597,2021-10-24,86.4
101598,2021-04-12,85.9
101599,2022-05-03,75.2
101600,2022-04-10,77.2
101601,2021-07-29,89.4
101602,2022-01-04,69.3
101603,2021-04-04,69.8
101604,2022-05-26,80.3
101605,2022-08-19,80.7
101606,2021-03-12,59.9
101607,2022-09-12,84.7
101608,2022-01-25,75.9
101609,2021-12-08,82.9
101610,2023-02-24,85.3
101611,2022-11-18,68.1
101612,2023-04-14,73.1
101613,2020-10-30,80.8
101614,2020-09-08,62.5
101615,2022-05-06,73.7
101616,2023-01-13,67.4
101617,2023-05-31,72.7
101618,2021-04-21,91.3
101619,2022-04-05,76.2
101620,2023-01-26,76.9
101621,2021-11-12,97.8
101622,2023-04-22,76.3
101623,2022-04-21,74.9
101624,2022-02-14,72.8
101625,2022-04-17,69.6
101626,2020-09-14,67.6
101627,2023-02-08,65.6
101628,2021-01-14,93.4
101629,2022-01-30,66.6
101630,2023-05-01,71.9
101631,2023-03-23,85.9
101632,2021-09-18,43.6
101633,2023-05-22,79.6
101634,2020-10-27,76.1
101635,2021-12-01,79.9
101636,2022-07-02,81.8
101637,2021-12-27,88.4
101638,2021-05-15,71.1
101639,2021-07-29,95.1
101640,2021-06-11,90.7
101641,2023-01-21,84.3
101642,2023-01-09,89.1
101643,2023-01-20,61.5
101644,2022-06-16,85.3
101645,2021-03-23,85.9
101646,2021-08-11,82.9
101647,2023-02-17,76.4
101648,2022-01-15,57.8
101649,2022-01-07,83.0
101650,2021-05-24,87.1
101651,2021-10-28,77.3
101652,2022-10-31,77.0
101653,2020-12-20,82.7
101654,2022-11-23,77.9
101655,2021-06-30,80.3
101656,2021-11-24,78.6
101657,2020-10-21,73.9
101658,2022-07-21,80.3
101659,2023-01-28,100.0
101660,2022-08-19,75.8
101661,2022-03-14,58.2
101662,2021-04-12,77.7
101663,2021-11-28,75.3
101664,2021-04-07,74.6
101665,2022-09-28,68.9
101666,2021-01-23,85.0
101667,2022-07-25,100.0
101668,2021-07-24,76.4
101669,2023-01-01,92.9
101670,2023-01-18,74.1
101671,2021-10-02,69.5
101672,2022-04-04,83.1
101673,2021-05-02,59.6
101674,2022-12-21,68.3
101675,2021-06-02,91.3
101676,2021-01-26,84.4
101677,2021-10-19,73.9
101678,2023-02-12,78.2
101679,2022-04-02,71.8
101680,2022-04-14,73.6
101681,2022-01-20,82.9
101682,2022-09-05,76.6
101683,2021-02-05,79.3
101684,2021-05-10,80.7
101685,2021-05-13,
101686,2020-12-22,80.1
101687,2022-07-05,63.8
101688,2020-09-03,92.9
101689,2022-11-17,78.8
101690,2021-11-09,76.2
101691,2023-03-26,80.1
101692,2021-09-10,77.6
101693,2020-09-24,67.5
101694,2021-05-04,72.9
101695,2023-02-05,62.8
101696,2022-11-06,77.2
101697,2022-03-31,64.5
101698,2021-05-02,79.2
101699,2021-12-01,75.2
101700,2022-02-09,99.2
101701,2022-01-06,62.0
101702,2022-12-23,61.9
101703,2022-04-04,69.7
101704,2021-02-16,70.2
101705,2023-01-25,86.2
101706,2020-11-16,76.1
101707,2020-09-12,91.4
101708,2022-06-24,71.1
101709,2021-04-10,82.2
101710,2022-03-08,66.1
101711,2022-09-16,82.4
101712,2022-09-03,64.0
101713,2022-05-03,79.4
101714,2020-09-27,74.7
101715,2021-09-21,78.7
101716,2023-05-07,87.7
101717,2021-10-29,81.3
101718,2021-01-17,70.3
101719,2021-10-06,71.8
101720,2023-03-05,93.0
101721,2021-04-06,80.5
101722,2021-07-11,65.1
101723,2022-11-15,85.1
101724,2022-05-05,75.5
101725,2021-02-05,69.3
101726,2021-03-07,75.6
101727,2020-09-15,-5.0
101728,2020-12-20,80.7
101729,2022-09-05,64.9
101730,2022-04-20,
101731,2021-10-15,81.3
101732,2022-06-27,84.3
101733,2022-03-15,
101734,2020-09-30,89.7
101735,2021-12-04,71.7
101736,2023-02-11,61.0
101737,2022-11-24,69.5
101738,2021-10-30,75.6
101739,2021-09-14,75.9
101740,2023-05-31,93.0
101741,2022-10-17,88.6
101742,2021-05-23,89.3
101743,2022-04-30,68.9
101744,2021-04-28,77.2
101745,2022-07-12,81.3
101746,2021-07-04,87.5
101747,2022-02-08,75.0
101748,2022-11-12,69.0
101749,2022-08-31,85.1
101750,2020-10-30,67.5
101751,2021-12-21,100.0
101752,2020-11-07,76.4
101753,2021-06-26,94.9
101754,2021-10-02,91.6
101755,2022-06-03,73.4
101756,2020-12-15,58.4
101757,2022-03-10,89.6
101758,2022-02-03,100.0
101759,2021-11-01,71.9
101760,2021-02-02,81.1
101761,2021-09-22,76.8
101762,2021-10-10,68.2
101763,2021-09-13,74.8
101764,2022-10-11,63.8
101765,2022-08-07,89.8
101766,2022-05-28,67.4
101767,2021-07-10,69.2
101768,2022-08-02,60.2
101769,2022-09-28,76.0
101770,2022-08-20,78.6
101771,2021-10-03,94.8
101772,2021-02-11,64.8
101773,2022-09-01,87.3
101774,2021-05-22,80.8
101775,2022-06-09,68.1
101776,2022-12-03,90.8
101777,2022-04-21,75.8
101778,2022-04-05,94.0
101779,2020-10-29,-5.0
101780,2022-04-07,59.4
101781,2020-09-07,84.1
101782,2022-05-13,57.2
101783,2022-09-06,64.2
101784,2023-05-06,84.4
101785,2023-01-09,78.6
101786,2023-02-16,91.6
101787,2021-09-09,73.6
101788,2022-04-27,82.2
101789,2021-11-29,100.0
101790,2022-06-26,82.5
101791,2020-10-15,70.9
101792,2021-03-09,84.3
101793,2023-04-12,79.0
101794,2022-09-22,78.9
101795,2022-01-10,92.1
101796,2023-01-26,79.0
101797,2022-08-04,
101798,2023-01-24,85.0
101799,2022-09-25,77.0
101800,2022-10-11,69.4
101801,2021-05-06,70.0
101802,2021-04-15,76.5
101803,2022-07-17,77.3
101804,2022-04-21,84.9
101805,2021-10-09,64.0
101806,2021-05-30,140.0
101807,not_a_date,69.6
101808,2022-08-22,76.3
101809,2023-02-12,75.5
101810,2023-02-27,66.9
101811,2022-01-18,82.1
101812,2021-11-04,67.7
101813,2023-01-13,69.5
101814,2022-10-10,72.1
101815,2022-08-11,72.0
101816,2023-03-08,88.8
101817,2023-03-03,100.0
101818,2021-04-11,93.4
101819,2023-04-28,72.9
101820,2021-02-04,78.4
101821,2020-12-03,79.5
101822,2022-07-01,75.7
101823,2022-01-05,84.6
101824,2021-10-20,67.1
101825,2022-01-18,76.2
101826,2022-11-07,96.5
101827,2022-08-20,71.8
101828,2022-09-14,63.8
101829,2022-09-14,74.2
101830,2023-02-22,68.8
101831,2022-05-05,84.3
101832,2021-12-29,73.1
101833,2023-01-02,75.4
101834,2022-03-20,69.8
101835,2021-05-10,94.3
101836,2021-08-15,70.0
101837,2022-09-15,82.6
101838,2021-08-14,57.0
101839,2022-09-29,82.0
101840,2021-01-13,87.9
101841,2022-08-26,77.0
101842,2022-09-11,89.5
101843,2021-10-07,92.9
101844,2021-09-27,89.5
101845,2021-04-13,76.0
101846,2023-05-10,140.0
101847,not_a_date,87.7
101848,2022-05-09,63.9
101849,2021-04-11,74.7
101850,2023-04-09,69.2
101851,2021-03-19,85.3
101852,2022-10-01,69.0
101853,2023-01-14,63.8
101854,2021-02-01,69.3
101855,2023-04-30,80.8
101856,2022-12-09,56.8
101857,2022-09-08,61.8
101858,2022-10-19,79.0
101859,2021-11-28,89.0
101860,2020-12-12,89.6
101861,2022-08-01,80.6
101862,2020-12-15,80.9
101863,2021-03-29,75.8
101864,2021-06-13,73.4
101865,2021-01-24,75.2
101866,2021-10-24,72.6
101867,2022-04-21,85.7
101868,2022-06-29,82.6
101869,2022-04-04,84.7
101870,2020-09-21,74.7
101871,2021-08-26,77.1
101872,2020-11-18,85.3
101873,2022-09-19,91.4
101874,2021-07-23,78.7
101875,2020-11-16,61.2
101876,2022-04-19,69.6
101877,2021-12-18,75.9
101878,2020-10-10,73.3
101879,2020-09-03,77.8
101880,2020-09-07,73.0
101881,2021-04-08,65.3
101882,2022-10-14,66.4
101883,2023-02-01,65.8
101884,2021-11-08,73.6
101885,2022-10-20,65.1
101886,2020-10-10,74.8
101887,2021-03-03,97.4
101888,2021-03-21,76.0
101889,2021-02-24,75.0
101890,2020-11-27,75.4
101891,2022-02-26,80.2
101892,2020-12-12,78.0
101893,2022-08-10,71.1
101894,2020-12-15,86.7
101895,2021-04-01,63.9
101896,2021-05-15,81.0
101897,2021-05-26,86.0
101898,2021-04-18,86.8
101899,2021-02-05,79.7
101900,2023-02-01,71.7
101901,2023-04-30,93.0
101902,2023-05-17,77.3
101903,2022-05-29,84.1
101904,2022-08-04,90.1
101905,2022-03-05,81.3
101906,2020-12-23,62.7
101907,2020-09-20,77.8
101908,2022-08-28,83.8
101909,2020-10-18,70.0
101910,2021-08-12,65.3
101911,2022-10-29,87.6
101912,2022-12-29,76.0
101913,2020-10-16,74.5
101914,2020-12-08,86.7
101915,2023-05-19,83.1
101916,2023-03-28,90.4
101917,2022-10-03,87.3
101918,2020-12-13,
101919,2021-10-01,73.6
101920,2022-12-09,72.4
101921,2023-04-08,69.2
101922,2022-08-03,65.4
101923,2022-10-11,-5.0
101924,2023-03-28,80.4
101925,2020-09-28,80.8
101926,2021-12-23,80.6
101927,2021-08-27,95.4
101928,2020-10-25,80.1
101929,2022-04-20,79.7
101930,2022-07-04,80.8
101931,2022-02-11,64.2
101932,2023-04-02,84.4
101933,2021-11-12,71.3
101934,2022-02-17,84.0
101935,2022-07-13,71.8
101936,2023-04-01,100.0
101937,2020-09-27,77.9
101938,2022-04-07,85.1
101939,2022-01-27,88.0
101940,2020-12-07,80.6
101941,2022-04-29,88.9
101942,2020-12-02,70.8
101943,2023-02-14,76.7
101944,2021-05-04,74.8
101945,2022-02-22,86.8
101946,2023-01-04,71.4
101947,2021-07-05,81.6
101948,2021-08-08,94.1
101949,2022-01-11,70.5
101950,2021-03-04,75.4
101951,2022-05-03,61.1
101952,2023-03-21,83.8
101953,2021-08-26,67.3
101954,2021-05-06,69.2
101955,2022-07-14,73.9
101956,2023-02-21,59.9
101957,2022-01-16,68.1
101958,2023-02-03,93.2
101959,2021-09-16,68.7
101960,2022-07-17,83.1
101961,2023-02-28,84.1
101962,2020-11-26,63.2
101963,2022-02-02,91.3
101964,2022-06-11,65.5
101965,2022-03-28,74.1
101966,2020-12-22,79.3
101967,2021-11-01,49.7
101968,2022-08-01,72.8
101969,2020-12-02,83.0
101970,2022-01-22,70.3
101971,2023-04-03,57.3
101972,2021-12-03,60.4
101973,2021-07-06,96.4
101974,2022-02-22,78.7
101975,2023-04-06,60.6
101976,2021-12-25,75.6
101977,2021-06-05,86.5
101978,2022-11-09,61.6
101979,2020-09-09,63.7
101980,2021-09-28,77.2
101981,2021-09-13,77.9
101982,2023-03-10,87.7
101983,2023-05-14,59.0
101984,2021-08-22,55.5
101985,2022-01-26,100.0
101986,2020-12-01,87.0
101987,2021-11-10,88.8
101988,2021-09-23,66.2
101989,2023-04-15,77.3
101990,2023-03-25,82.3
101991,2022-02-25,63.7
101992,2023-05-29,70.7
101993,2020-09-14,67.1
101994,2021-12-23,74.7
101995,2022-09-17,67.4
101996,2023-02-23,82.1
101997,2022-05-14,65.8
101998,2022-01-02,70.9
101999,2020-11-05,82.2
102000,2021-09-20,80.3
101725,2021-04-24,-5.0
100693,2023-01-18,74.02903932942432
101307,2021-12-13,79.28701635174968
101515,2023-03-20,80.3683381747166
100509,2023-06-01,72.47645173682619
101346,2023-01-24,78.14852797989369
101118,2021-01-04,89.16497434132799
100013,2021-04-02,74.9547220687983
100501,2023-04-09,87.52266270986146
101474,2021-11-13,64.85077673424514
101996,2023-03-14,82.72863264707057
101421,2022-10-06,83.8609545077635
100526,2021-07-02,85.52754200190635
100584,2021-12-23,69.22874446784117
101954,2021-07-10,68.58337018464131
100482,2021-12-15,69.36316457299161
101740,2023-08-09,97.65288179428445
100664,2022-05-14,79.7633710306189
101689,2023-01-05,78.23045792603831
101216,2021-07-09,69.2088723425352
101177,2022-11-03,78.29315010394768
101047,2023-03-15,75.10844018904082
101092,2022-11-12,78.1786394050375
100476,2021-04-06,76.57743497873473
100680,2021-12-28,72.07945264990319
100849,2021-12-22,75.21269270373577
100047,2023-04-09,73.90153893586363
101180,2020-10-08,77.90690226481887
100555,2022-10-05,81.35283390559928
101403,2022-05-12,77.88384445958542
100914,2021-09-11,85.30618850642577
100889,2023-05-24,73.84840062238054
100053,2023-05-13,86.1371398838587
101242,2022-12-23,63.93832774697625
101967,2022-01-17,50.09266421996432
101327,2022-04-27,57.414761822297564
100720,2021-08-19,83.38244815120694
101684,2021-05-29,79.98195376391284
101851,2021-04-01,93.00918523101055
100096,2023-06-23,84.14111333520992
101681,2022-03-03,81.69306416159002
100017,2022-01-31,103.32742875986675
100504,2021-09-06,81.23782982927274
100673,2020-10-04,74.49460970533707
101351,2023-02-17,79.22107706686234
100378,2021-12-07,72.4210582888107
101162,2021-11-01,77.67929790806627
100563,2022-07-01,87.88204306466054
100634,2023-06-20,65.08424800648632
101241,2023-04-27,78.85578112859224
101305,2021-05-27,56.02306780683897
100535,2023-05-23,73.4120397277146
101696,2022-11-14,75.61853928896477
101126,2021-10-24,57.21028288200316
100278,2023-01-31,85.3120187192037
100109,2020-10-10,90.8957545902329
100598,2022-05-10,75.2506893962131
101238,2022-07-03,
101172,2023-01-07,82.31333691483529
100612,2021-03-28,56.33241665314658
101188,2022-09-09,88.15243663621895
101497,2020-12-29,83.371210518544
100045,2022-02-13,87.38057566895303
100589,2022-03-02,90.38998838549045
100827,2022-08-17,95.40900287170459
101586,2021-03-27,75.81382538851277
101884,2021-11-29,70.11460503005024
101388,2023-01-20,97.5785633831023
100804,2022-10-20,81.81514764137029
101099,2021-05-09,89.1010076396959
101717,2021-12-02,77.95351112964259
100030,2021-02-19,68.79472349025717
101066,2023-04-30,61.42283241613041
100230,2022-12-09,61.54762248947923
100254,2021-04-07,72.35231776156043
100102,2021-12-14,56.82180268270603
101874,2021-09-06,79.40991908215177
100942,2023-06-03,79.21777599345131
101927,2021-11-05,96.73792161483601
100854,2022-08-11,76.38700413613327
101020,2023-04-27,87.84491211162154
100124,2022-02-27,92.844138725227
100544,2021-12-29,72.42252354122847
101981,2021-10-20,78.59737852459484
101596,2021-10-17,73.72132798649416
100246,2021-10-26,86.85322881840852
100816,2023-01-25,59.3234384843979
100605,2021-11-16,78.72979252177366
100785,2022-11-18,84.61339204999028
100751,2021-05-10,94.417034213954
100545,2022-09-26,79.48035465412019
100948,2023-06-08,87.0613587225717
101359,2021-04-27,72.46877798600975
101671,2021-12-26,68.98746172719291
100078,not_a_date,72.8674873451477
101679,2022-05-29,70.3072312947425
101208,2023-06-03,74.48157882025359
101629,2022-02-22,69.59251602974604
101930,2022-07-08,77.37956472273578
101366,2021-05-13,75.19185701492155
100566,2023-01-22,92.55808654610192
100132,2023-01-01,74.11807146380306
100919,2021-01-31,71.81399653216712
101070,2022-01-05,89.11747744058553
100008,2021-07-29,70.60081751394273
100797,2021-10-03,63.45881986210547
100764,2022-07-30,61.78360202997429
100314,2021-02-15,69.19822748976891
100564,2022-02-17,88.81902858931771
101686,2021-02-27,78.23442123388585
101932,2023-06-22,83.02117662922136
101061,2021-11-12,83.00898147053809
100300,2021-11-29,65.17607027162381
101975,2023-05-17,63.19590809168498
100619,2021-10-17,86.13345087707108
100810,2022-03-24,96.73412673674792
101768,2022-08-22,56.66650796156975
101133,2021-12-08,69.17457557055937
100899,2022-12-03,84.93027465047611
100775,2022-10-17,73.87462674891846
101309,2022-08-13,79.6333065940079
100591,2021-05-19,80.04972497558722
101090,2020-11-07,67.87751550893591
101676,2021-03-20,89.04839015467319
101017,2021-10-25,71.17827610098108
100058,2021-07-01,73.3472803931649
101618,2021-07-08,96.17154633611713
101983,2023-07-09,63.521925564576364
101190,2021-05-08,73.45464908739767
100660,2022-05-25,85.0191107103446
101236,2022-03-16,78.50817074953386
101409,2023-01-12,63.376035889550145
100413,2023-04-24,72.82523603540776
100762,2022-01-04,101.11866475745516
100674,2022-04-21,76.00370363746505
101647,2023-04-21,76.98383624843967
101539,2021-06-09,58.82005099603439
100208,2023-02-17,72.47657906944632
101986,2021-02-20,86.25227932797688
100177,2022-04-05,89.74608055993673
100988,2023-05-07,82.9933075670147
101999,2020-12-09,87.0587180388828
100244,2022-11-22,71.48288672168145
100803,2023-07-28,58.276890716081375
100837,2021-12-10,74.6325921790827
101410,2021-03-27,69.84711246845616
100199,2022-08-02,68.10954798237559
101878,2020-12-18,77.85034250193755
101334,2021-01-28,92.61697131100206
101575,2021-04-19,77.88673977041552
101490,2021-05-14,91.7074086304243
100120,2020-10-28,63.49774346340629
101386,2023-06-05,75.2802627536043
100389,2023-05-05,85.08532686172835
101041,2021-10-10,
100543,2022-10-29,81.6707937184254
100309,2023-08-09,85.26619884611851
100073,2021-04-22,83.85329833487629
101317,2021-06-11,61.57863485464085
100434,2022-12-22,101.30207211168542
100471,2021-01-15,81.5153354590896
101194,2020-12-22,73.56445459642072
101627,2023-04-17,68.40701884395048
101675,2021-07-22,90.53430042893048
101018,2022-11-17,58.88488051873925
101373,2022-08-12,87.08028860785822
100325,2021-11-20,67.10948314126665
100320,2021-05-31,69.56297851892369
101969,2021-01-18,80.68527633745838
101854,2021-04-28,68.09710943453483
100169,2022-07-08,65.48885414836998
101976,2022-01-24,70.82739375475629
101430,2021-09-05,77.22397840794218
100198,2022-10-02,76.5950513565118
101826,2023-01-20,96.33129422640114
101713,2022-07-28,81.26739505518321
101785,2023-03-25,77.3860062681718
101152,2022-08-04,67.28485744626842
101031,2022-04-08,75.20722367882865
101315,2022-02-08,-5.0
100094,2021-03-07,82.8032688600595
100367,2021-07-12,78.10984462462613
101541,2023-07-09,86.66845202532217
101448,2023-01-08,140.0
101019,2023-01-18,84.72462997563298
100773,2020-12-14,80.4730134832755
101050,2021-07-18,72.23401708904832
101979,2020-09-14,61.4610915689991
101635,not_a_date,82.31111883236841
100718,2021-12-06,72.32505257034104
101377,2021-07-10,87.23879426747735
100209,2023-03-28,85.49938143829294
101846,2023-07-28,65.38322728540543
100499,2023-04-22,73.4256569696878
100141,2021-09-04,93.4348534111556
101723,2022-12-11,84.68925120407255
100753,2022-07-11,87.6598074061158
100033,2020-11-10,90.70121865688448
101973,2021-07-22,91.77753219102111
101987,2022-01-24,88.7632163835624
101685,2021-07-17,84.33149485406369
100388,2023-01-01,81.4341869346657
100581,2021-06-01,73.25092230577476
100338,2023-02-02,68.3521819889944
101335,2022-07-24,69.63755490905987
101753,2021-09-05,97.05852970951031
100401,2022-12-23,73.76717099138278
100682,2021-01-23,87.05525409251173
100932,2023-04-02,92.1508288425299
101534,2021-12-18,94.15002566519485
100593,2023-04-18,84.23351550722556
100377,2022-05-06,51.03836814441973
100886,2022-08-25,88.69211985482994
100975,2022-08-08,85.50742855117696
100798,2022-03-22,91.77565990782884
100305,2021-05-23,87.14963206138955
100976,2022-10-07,92.94539811496804
101199,2021-04-30,55.188784357141564
100767,2021-01-28,81.20456921381829
100900,2020-12-02,90.91065711486854
101073,2023-05-28,66.85028243534461
100884,2023-02-14,72.75187376010484
101873,2022-09-25,95.86106197627336
101871,2021-10-13,78.15719758107713
100737,2020-11-02,68.5111823730146
101936,2023-06-29,98.7292743112818
101668,2021-09-29,75.57925778059595
100290,2021-11-09,86.52429147388719
100659,2020-12-29,-5.0
100431,2021-07-01,88.2587658882418
100800,2021-02-07,50.40640907868169
101331,2021-09-05,
100898,2023-03-17,73.74244569571734
101221,2020-12-07,87.78351761630566
100238,2022-06-04,81.1107866525833
100561,2022-08-20,65.33626628793898
101192,2021-05-12,72.2986660644118
100359,2022-11-26,68.83416349753351
100929,2021-04-27,72.53590782504239
101738,2022-01-24,77.13477123074611
100853,2022-06-29,73.20837752729801
101801,2021-06-05,67.48343132452855
100098,2021-01-03,84.69655063646796
100435,2022-10-25,78.2917179602057
101514,2021-09-28,81.94889514004207
100397,2022-03-13,82.08356511691409
100034,2022-03-20,58.29316884183033
101522,2022-07-29,72.32936025907783
101179,2022-07-23,83.83096599552859
100917,2022-05-04,79.07752088006087
