student_id,first_name,last_name,school_id,cohort_year
100001,James,Taylor,SCH003,2022
100002,David,Taylor,SCH003,2023
100003,David,moore  ,SCH005,2021
100004,Daniel,Wilson,SCH003,2021
100005,Taylor,Miller,SCH002,2022
100006,Sarah,Smith,SCH005,2021
100007,David,Davis,SCH002,2023
100008,Michael,Wilson,SCH003,2022
100009,Maria,Smith,SCH003,2023
100010,Daniel,Smith,SCH002,2023
100011,Taylor,Miller,SCH005,2022
100012,Chris,Taylor,SCH001,2022
100013,Michael,Garcia,SCH002,2022
100014,Chris,Taylor,SCH001,2022
100015,Taylor,Johnson,SCH003,2021
100016,Sarah,Garcia,SCH002,2021
100017,James,Davis,SCH003,2023
100018,Emily,Garcia,SCH004,2021
100019,Emily,Davis,SCH001,2023
100020,Taylor,Johnson,SCH005,2023
100021,Sarah,Miller,SCH004,2021
100022,David,Smith,SCH004,2023
100023,David,Miller,SCH005,2022
100024,Sarah,Davis,SCH004,2021
100025,Ashley,Brown,SCH005,2023
100026,Sarah,Brown,SCH001,2023
100027,Emily,Wilson,SCH003,2021
100028,Emily,Moore,SCH004,2023
100029,Chris,Davis,SCH001,2021
100030,Ashley,Smith,SCH002,2021
100031,Maria,Smith,SCH003,2021
100032,  DAVID ,Davis,SCH002,2023
100033,Ashley,Moore,SCH001,2022
100034,Taylor,Taylor,SCH002,2022
100035,Sarah,Smith,SCH005,2021
100036,Daniel,Johnson,SCH001,2021
100037,Ashley,Johnson,SCH002,2023
100038,Maria,Johnson,SCH004,2022
100039,Daniel,Wilson,SCH002,2022
100040,James,Taylor,SCH001,2022
100041,David,Garcia,SCH002,2021
100042,James,Garcia,SCH004,2022
100043,Chris,Miller,SCH003,2023
100044,Daniel,Garcia,SCH003,2023
100045,Ashley,Taylor,SCH002,2022
100046,James,Wilson,SCH004,2023
100047,Chris,Smith,SCH004,2022
100048,Chris,Garcia,SCH003,2022
100049,Daniel,Brown,SCH001,2021
100050,Taylor,Miller,SCH005,2023
100051,David,Anderson,SCH002,2021
100052,David,Smith,SCH004,2021
100053,James,Moore,SCH005,2022
100054,Ashley,Brown,SCH003,2022
100055,David,Johnson,SCH004,2021
100056,Ashley,Brown,SCH002,2023
100057,David,Wilson,SCH003,2022
100058,Sarah,Moore,SCH003,2023
100059,James,Brown,SCH005,2021
100060,Chris,Garcia,SCH003,2022
100061,David,Wilson,SCH004,2021
100062,Maria,garcia  ,SCH004,2022
100063,James,Garcia,SCH004,2021
100064,  DANIEL ,Moore,SCH004,2022
100065,Chris,Anderson,SCH004,2023
100066,James,Wilson,SCH002,2021
100067,Chris,Miller,SCH003,2023
100068,Sarah,Wilson,SCH003,2023
100069,Maria,Garcia,SCH002,2022
100070,James,Smith,SCH005,2022
100071,James,Wilson,SCH004,2022
100072,Taylor,Brown,SCH003,2022
100073,James,Moore,SCH002,2023
100074,Sarah,Taylor,SCH003,2022
100075,Michael,Brown,SCH002,2023
100076,Ashley,Garcia,SCH002,2023
100077,Daniel,Anderson,SCH005,2023
100078,Sarah,Miller,SCH003,2021
100079,Michael,Anderson,SCH001,2022
100080,Maria,Johnson,SCH002,2022
100081,Taylor,Wilson,SCH003,2021
100082,Sarah,Moore,SCH004,2021
100083,Sarah,Smith,SCH002,2021
100084,Chris,Wilson,SCH001,2023
100085,Sarah,Johnson,SCH001,2022
100086,  EMILY ,Johnson,SCH005,2021
100087,Ashley,Garcia,SCH004,2022
100088,Daniel,Smith,SCH001,2023
100089,Taylor,Wilson,SCH003,2023
100090,Taylor,Moore,SCH001,2021
100091,Maria,Wilson,SCH002,2023
100092,Sarah,Miller,SCH004,2021
100093,Ashley,Moore,SCH005,2022
100094,James,Smith,SCH001,2023
100095,Chris,Garcia,SCH003,2023
100096,Maria,Davis,SCH004,2099
100097,Michael,Johnson,SCH005,2022
100098,Taylor,Smith,SCH005,2021
100099,Taylor,Davis,SCH003,2022
100100,Emily,Moore,SCH002,2023
100101,James,Taylor,,2023
100102,Maria,Davis,SCH002,2023
100103,Michael,Brown,SCH003,2021
100104,James,Davis,SCH003,2023
100105,James,Smith,SCH002,2021
100106,Emily,Taylor,SCH002,2022
100107,Sarah,Johnson,SCH004,2021
100108,Sarah,Wilson,SCH003,2021
100109,Emily,Johnson,SCH005,2022
100110,Daniel,Smith,SCH001,2021
100111,Maria,Garcia,SCH002,2022
100112,Sarah,Johnson,SCH001,2022
100113,Ashley,Miller,SCH001,2022
100114,Maria,Taylor,SCH001,2022
100115,Daniel,Johnson,SCH003,2022
100116,James,Miller,SCH005,2022
100117,David,Taylor,SCH004,2021
100118,Maria,Taylor,SCH005,2022
100119,David,Taylor,SCH004,2023
100120,Ashley,Brown,SCH002,2023
100121,Emily,Miller,SCH005,2022
100122,Ashley,Miller,SCH002,2022
100123,Michael,Garcia,SCH003,2023
100124,James,Brown,SCH003,2023
100125,Taylor,miller  ,SCH002,2023
100126,Sarah,Miller,SCH002,2022
100127,Michael,Johnson,SCH001,2022
100128,Emily,Taylor,SCH005,2021
100129,David,Smith,SCH002,2022
100130,David,Brown,SCH005,2022
100131,James,Taylor,SCH004,2021
100132,Taylor,Anderson,SCH005,2023
100133,Daniel,Taylor,SCH003,2023
100134,Ashley,Davis,SCH001,2023
100135,Chris,Garcia,SCH002,2023
100136,Daniel,Brown,SCH002,2023
100137,Michael,Garcia,SCH004,2022
100138,Chris,Garcia,SCH002,2021
100139,Ashley,Anderson,SCH002,2021
100140,David,Taylor,SCH005,2022
100141,  SARAH ,Moore,SCH005,2022
100142,Ashley,Taylor,SCH002,2021
100143,David,Davis,SCH003,2022
100144,  EMILY ,Johnson,SCH005,2023
100145,Ashley,anderson  ,SCH002,2021
100146,Chris,Moore,SCH001,2022
100147,David,Johnson,SCH003,2023
100148,David,Davis,SCH005,2021
100149,Emily,Smith,SCH004,2023
100150,James,Brown,SCH003,2023
100151,Michael,Wilson,SCH003,2021
100152,Chris,brown  ,SCH004,2023
100153,Michael,Brown,SCH004,2023
100154,Daniel,Wilson,SCH002,2021
100155,Maria,Johnson,SCH001,2021
100156,David,Smith,SCH001,2022
100157,Maria,Smith,SCH002,2021
100158,David,Garcia,SCH003,2023
100159,Sarah,smith  ,SCH003,2022
100160,Emily,Davis,SCH003,2021
100161,Taylor,Smith,SCH005,2021
100162,Michael,Miller,SCH003,2023
100163,James,Wilson,SCH005,2021
100164,James,Smith,SCH001,2023
100165,Daniel,Brown,SCH004,2022
100166,Sarah,Brown,SCH002,2022
100167,Sarah,Davis,,2022
100168,Daniel,Wilson,SCH004,2021
100169,James,Taylor,,2023
100170,Ashley,Johnson,SCH005,2021
100171,Sarah,Davis,SCH002,2021
100172,Sarah,Johnson,SCH001,2023
100173,David,Garcia,SCH001,2021
100174,Ashley,Taylor,SCH004,2022
100175,Maria,Garcia,SCH005,2022
100176,Ashley,Taylor,SCH001,2022
100177,Ashley,Johnson,SCH005,2022
100178,Taylor,Brown,SCH004,2023
100179,Daniel,Smith,SCH001,2021
100180,Chris,Miller,SCH004,2023
100181,Daniel,Brown,SCH001,2021
100182,Emily,Anderson,SCH004,2021
100183,Ashley,Miller,SCH002,2023
100184,Maria,Brown,SCH005,2022
100185,Ashley,Anderson,SCH002,2021
100186,James,Smith,SCH002,2021
100187,James,Wilson,SCH001,2023
100188,Michael,Smith,SCH001,2022
100189,Chris,Brown,SCH005,2023
100190,David,Brown,SCH001,2021
100191,Michael,Wilson,SCH002,2023
100192,Maria,Miller,SCH005,2022
100193,Maria,Wilson,SCH002,2021
100194,Emily,Moore,SCH004,2021
100195,Chris,Taylor,,2023
100196,Daniel,Johnson,SCH005,2021
100197,  JAMES ,Anderson,SCH001,2021
100198,James,Moore,SCH004,2021
100199,Daniel,Anderson,SCH004,2021
100200,James,Davis,SCH003,2021
100201,Chris,Brown,SCH003,2023
100202,Michael,Garcia,SCH002,2022
100203,Maria,Taylor,SCH005,2021
100204,Taylor,Garcia,SCH002,2022
100205,  SARAH ,Wilson,SCH002,2022
100206,Chris,Taylor,SCH002,2023
100207,David,Wilson,SCH002,2022
100208,Maria,Taylor,SCH001,2021
100209,Sarah,Davis,SCH003,2022
100210,Chris,Taylor,SCH003,2021
100211,Michael,Smith,SCH004,2023
100212,  DAVID ,Anderson,SCH003,2022
100213,Maria,Wilson,SCH005,2022
100214,Sarah,Miller,,2022
100215,Michael,Taylor,SCH004,2023
100216,Emily,Taylor,SCH001,2021
100217,Taylor,Garcia,SCH002,2022
100218,David,Johnson,SCH004,2022
100219,Taylor,Taylor,SCH002,2021
100220,Sarah,Smith,SCH002,2021
100221,  CHRIS ,Smith,SCH004,2023
100222,David,Anderson,SCH002,2022
100223,Taylor,Brown,SCH005,2021
100224,Emily,Garcia,SCH005,2022
100225,Taylor,Anderson,SCH002,2021
100226,Michael,Wilson,SCH005,2022
100227,Emily,Moore,SCH005,2021
100228,Michael,Moore,SCH003,2021
100229,Chris,Wilson,SCH005,2022
100230,Daniel,Miller,SCH005,2021
100231,Michael,Miller,SCH004,2021
100232,Sarah,Davis,SCH003,2023
100233,Maria,Smith,SCH001,2022
100234,Maria,Taylor,SCH002,2021
100235,James,johnson  ,SCH005,2022
100236,Daniel,Wilson,SCH001,2022
100237,Daniel,Johnson,SCH004,2021
100238,Maria,Smith,SCH003,2023
100239,Emily,Taylor,SCH004,2023
100240,James,Garcia,SCH002,2021
100241,Ashley,Wilson,SCH005,2023
100242,Emily,Davis,SCH003,2023
100243,Maria,Wilson,SCH001,2023
100244,Sarah,Taylor,SCH001,2023
100245,Taylor,Davis,SCH002,2021
100246,Sarah,Garcia,SCH005,2022
100247,Sarah,Miller,SCH001,2023
100248,Emily,Brown,SCH001,2021
100249,  DANIEL ,Anderson,SCH001,2021
100250,Ashley,Anderson,SCH004,2023
100251,James,Taylor,SCH001,2023
100252,Maria,Garcia,SCH002,2023
100253,Daniel,Brown,SCH003,2021
100254,  MARIA ,Smith,SCH001,2022
100255,Taylor,Smith,SCH002,2022
100256,Sarah,Anderson,SCH005,2022
100257,Taylor,Brown,SCH002,2021
100258,Maria,Garcia,SCH003,2021
100259,James,Davis,SCH001,2023
100260,David,Brown,SCH004,2021
100261,Maria,Smith,SCH001,2023
100262,James,Moore,SCH001,2021
100263,Michael,Moore,SCH002,2022
100264,David,Anderson,SCH005,2022
100265,Sarah,Miller,SCH005,2023
100266,Michael,Smith,,2023
100267,Sarah,Miller,SCH005,2021
100268,  MICHAEL ,Wilson,SCH005,2023
100269,Sarah,Davis,SCH003,2021
100270,David,Taylor,SCH002,2022
100271,Chris,Johnson,SCH004,2022
100272,David,Davis,SCH004,2023
100273,Sarah,Wilson,SCH001,2022
100274,Michael,Garcia,SCH005,2021
100275,Taylor,Smith,SCH001,2023
100276,Maria,Wilson,SCH002,2022
100277,James,Davis,SCH005,2022
100278,Taylor,Brown,SCH004,2021
100279,Taylor,Brown,SCH002,2021
100280,Sarah,Anderson,,2021
100281,Sarah,Brown,SCH003,2021
100282,James,Garcia,SCH002,2021
100283,Michael,davis  ,SCH003,2021
100284,David,Taylor,SCH005,2023
100285,David,Davis,SCH004,2023
100286,Taylor,Moore,SCH001,2022
100287,Chris,Johnson,SCH005,2021
100288,Daniel,Anderson,SCH001,2023
100289,Sarah,Davis,SCH002,2021
100290,Emily,Miller,SCH001,2021
100291,Emily,Garcia,SCH003,2023
100292,Chris,Smith,SCH005,2022
100293,Sarah,Wilson,SCH004,2023
100294,Michael,Wilson,SCH002,2021
100295,Emily,Anderson,SCH004,2023
100296,James,Wilson,SCH002,2022
100297,Emily,Miller,SCH001,2022
100298,Sarah,Wilson,SCH001,2022
100299,James,Wilson,SCH003,2023
100300,James,Wilson,SCH003,2023
100301,Emily,Davis,SCH003,2022
100302,Michael,Smith,,2022
100303,James,Anderson,SCH001,2022
100304,Taylor,Anderson,SCH003,2021
100305,Sarah,Taylor,SCH005,2023
100306,James,Wilson,SCH003,2022
100307,Michael,Anderson,SCH001,2023
100308,  JAMES ,Wilson,SCH002,2022
100309,David,Smith,SCH004,2021
100310,David,Miller,SCH005,2022
100311,Ashley,Brown,SCH004,2023
100312,Taylor,Brown,SCH005,2022
100313,Daniel,Wilson,SCH001,2023
100314,Sarah,Davis,SCH002,2021
100315,Taylor,Moore,SCH004,2021
100316,Emily,Johnson,SCH002,2023
100317,Ashley,Brown,SCH001,2022
100318,  SARAH ,Taylor,SCH001,2021
100319,Daniel,Anderson,SCH004,2021
100320,Michael,Brown,SCH001,2021
100321,Emily,Smith,SCH003,2022
100322,Daniel,Johnson,SCH003,2022
100323,Maria,Anderson,SCH001,2021
100324,Ashley,Taylor,SCH005,2022
100325,  ASHLEY ,Davis,SCH004,2022
100326,Chris,Anderson,SCH002,2022
100327,Chris,Taylor,SCH003,2021
100328,Maria,Taylor,SCH002,2023
100329,Ashley,Anderson,SCH003,2022
100330,Daniel,Taylor,SCH003,2021
100331,David,Brown,SCH003,2021
100332,Emily,Wilson,SCH001,2022
100333,James,Johnson,SCH005,2021
100334,Ashley,Anderson,SCH005,2023
100335,Taylor,Miller,SCH001,2022
100336,Maria,Moore,SCH004,2023
100337,Daniel,Johnson,SCH002,2021
100338,Maria,Brown,SCH004,2023
100339,David,Johnson,SCH004,2021
100340,Sarah,Garcia,SCH005,2021
100341,Emily,Wilson,SCH003,2021
100342,Daniel,Anderson,SCH005,2021
100343,Ashley,Brown,SCH001,2023
100344,Daniel,Moore,SCH005,2023
100345,Sarah,Miller,SCH005,2022
100346,Chris,Anderson,SCH002,2021
100347,James,miller  ,SCH004,2021
100348,Ashley,Smith,SCH002,2023
100349,Ashley,Johnson,SCH003,2023
100350,James,Johnson,SCH003,2023
100351,Maria,Wilson,SCH002,2021
100352,James,Moore,SCH002,2021
100353,Taylor,Anderson,SCH003,2021
100354,Maria,moore  ,,2021
100355,James,Smith,SCH002,2021
100356,Daniel,Garcia,SCH002,2023
100357,Daniel,Garcia,SCH003,2023
100358,David,miller  ,SCH001,2022
100359,Chris,Brown,SCH005,2022
100360,David,Wilson,SCH001,2022
100361,Daniel,Garcia,SCH002,2023
100362,Daniel,Smith,SCH001,2022
100363,  SARAH ,Wilson,SCH002,2022
100364,Maria,anderson  ,SCH005,2022
100365,David,Taylor,SCH005,2022
100366,James,Davis,SCH002,2021
100367,Michael,taylor  ,SCH005,2021
100368,Michael,Moore,SCH001,2023
100369,Sarah,Anderson,SCH001,2022
100370,Taylor,Wilson,SCH005,2022
100371,James,Davis,SCH002,2022
100372,James,Davis,,2022
100373,Daniel,Johnson,SCH004,2023
100374,Michael,garcia  ,SCH001,2023
100375,Ashley,Johnson,SCH005,2021
100376,Daniel,Taylor,SCH001,2023
100377,Ashley,Brown,SCH002,2022
100378,Taylor,Taylor,SCH004,2021
100379,James,Smith,SCH003,2021
100380,Daniel,garcia  ,SCH001,2021
100381,  EMILY ,Garcia,SCH004,2021
100382,  MARIA ,Johnson,SCH001,2021
100383,Maria,Anderson,SCH005,2023
100384,Sarah,Smith,SCH003,2021
100385,Taylor,Moore,SCH002,2023
100386,Daniel,Miller,SCH002,2022
100387,Maria,Smith,SCH003,2023
100388,Maria,Miller,SCH004,2022
100389,Maria,Johnson,SCH005,2022
100390,  MICHAEL ,Smith,,2021
100391,Sarah,Wilson,SCH001,2021
100392,Michael,Smith,SCH005,2023
100393,James,Johnson,SCH004,2023
100394,Ashley,Smith,SCH001,2023
100395,Taylor,Brown,SCH003,2021
100396,Taylor,Smith,SCH003,2021
100397,Michael,Garcia,SCH001,2022
100398,David,Miller,SCH004,2021
100399,James,Wilson,SCH004,2023
100400,Chris,Smith,SCH001,2022
100401,James,Miller,SCH004,2021
100402,Ashley,Miller,SCH004,2021
100403,Taylor,Davis,SCH001,2021
100404,James,moore  ,SCH004,2021
100405,James,Wilson,SCH004,2021
100406,David,Wilson,SCH005,2023
100407,Michael,Johnson,SCH003,2023
100408,Ashley,Smith,SCH004,2021
100409,Sarah,Smith,SCH002,2021
100410,Daniel,Wilson,SCH003,2023
100411,Emily,Wilson,SCH004,2021
100412,David,Anderson,SCH003,2022
100413,Emily,Miller,SCH005,2023
100414,Daniel,Davis,SCH005,2021
100415,Sarah,Wilson,SCH001,2021
100416,David,Smith,,2023
100417,Chris,anderson  ,SCH001,2022
100418,Chris,Moore,SCH005,2022
100419,Maria,Anderson,SCH004,2023
100420,Ashley,Johnson,SCH003,2021
100421,Taylor,Brown,,2023
100422,Michael,Miller,SCH004,2022
100423,David,Wilson,SCH001,2023
100424,Emily,Wilson,SCH004,2021
100425,Chris,Brown,SCH005,2022
100426,Emily,Moore,SCH001,2023
100427,James,Brown,SCH002,2022
100428,Sarah,Smith,SCH001,2021
100429,Ashley,Davis,SCH003,2021
100430,Chris,Miller,SCH002,2022
100431,Ashley,Brown,SCH003,2023
100432,Sarah,Wilson,SCH001,2022
100433,David,Davis,SCH002,2021
100434,David,Miller,SCH004,2022
100435,Daniel,anderson  ,SCH001,2023
100436,Sarah,Anderson,SCH001,2021
100437,Daniel,Anderson,SCH004,2022
100438,Emily,Miller,SCH003,2022
100439,Michael,Taylor,SCH005,2022
100440,Taylor,Taylor,SCH004,2022
100441,James,Garcia,,2022
100442,Sarah,Taylor,SCH003,2021
100443,Taylor,Taylor,SCH005,2021
100444,Sarah,Taylor,SCH004,2023
100445,Chris,Smith,SCH003,2021
100446,Michael,Wilson,SCH001,2023
100447,Chris,Smith,SCH002,2021
100448,Emily,Davis,SCH005,2022
100449,Ashley,Garcia,SCH004,2023
100450,Sarah,anderson  ,SCH001,2099
100451,Daniel,Taylor,SCH002,2023
100452,Ashley,Smith,SCH003,2023
100453,James,Garcia,SCH004,2023
100454,Taylor,Davis,,2022
100455,James,davis  ,SCH005,2022
100456,Daniel,Davis,SCH003,2022
100457,Sarah,wilson  ,SCH002,2021
100458,Ashley,Garcia,SCH001,2021
100459,Ashley,Brown,SCH003,2023
100460,Daniel,Wilson,SCH004,2023
100461,Sarah,Anderson,,2021
100462,Michael,Smith,SCH002,2023
100463,Chris,Miller,SCH002,2022
100464,Sarah,Moore,SCH004,2023
100465,  MARIA ,Anderson,SCH002,2021
100466,Chris,Taylor,SCH004,2021
100467,Taylor,Brown,SCH005,2022
100468,  SARAH ,Wilson,SCH003,2023
100469,Chris,Taylor,SCH005,2023
100470,Daniel,Davis,SCH005,2022
100471,Ashley,Moore,SCH002,2021
100472,Chris,Davis,SCH004,2023
100473,  CHRIS ,Brown,SCH003,2021
100474,Sarah,Miller,,2023
100475,Chris,Miller,SCH005,2022
100476,  SARAH ,Johnson,SCH001,2023
100477,Michael,Wilson,SCH003,2023
100478,David,miller  ,SCH005,2021
100479,Chris,Davis,SCH003,2023
100480,David,Smith,SCH001,2022
100481,Ashley,johnson  ,SCH005,2021
100482,Sarah,Moore,SCH004,2021
100483,Maria,Wilson,SCH004,2022
100484,Daniel,Moore,SCH005,2021
100485,Ashley,Johnson,SCH004,2022
100486,Sarah,Johnson,SCH001,2023
100487,Daniel,Smith,SCH001,2023
100488,Sarah,Johnson,SCH003,2022
100489,Emily,Taylor,SCH004,2021
100490,Ashley,Anderson,SCH001,2022
100491,David,Smith,SCH001,2023
100492,Daniel,Johnson,SCH003,2023
100493,Taylor,Smith,SCH001,2022
100494,David,Miller,SCH004,2021
100495,Sarah,Miller,SCH005,2023
100496,Emily,Davis,SCH002,2022
100497,Michael,Wilson,SCH005,2022
100498,Emily,Anderson,SCH003,2022
100499,Taylor,Garcia,SCH001,2021
100500,Daniel,Anderson,,2022
100501,Taylor,taylor  ,SCH002,2021
100502,James,Taylor,SCH002,2021
100503,Ashley,Johnson,SCH001,2022
100504,James,Taylor,SCH001,2022
100505,David,Smith,SCH005,2023
100506,Sarah,Miller,SCH003,2022
100507,Michael,Johnson,SCH002,2023
100508,Maria,Garcia,SCH004,2021
100509,Daniel,Wilson,SCH002,2023
100510,Daniel,Wilson,SCH003,2021
100511,David,Anderson,SCH003,2021
100512,Maria,Garcia,SCH002,2021
100513,Ashley,Taylor,,2022
100514,Daniel,Johnson,SCH003,2022
100515,Daniel,Smith,SCH001,2022
100516,Michael,Moore,SCH005,2021
100517,Emily,Johnson,SCH001,2023
100518,Sarah,Johnson,SCH003,2021
100519,James,Johnson,SCH001,2021
100520,Michael,Moore,SCH001,2021
100521,Sarah,Smith,SCH004,2022
100522,Daniel,Anderson,SCH004,2022
100523,Ashley,Smith,SCH002,2023
100524,Maria,Anderson,SCH002,2022
100525,James,Anderson,SCH003,2022
100526,David,Smith,SCH005,2021
100527,Taylor,Anderson,SCH003,2022
100528,Maria,Taylor,SCH005,2022
100529,Sarah,Davis,SCH002,2021
100530,Chris,Garcia,SCH005,2022
100531,David,Brown,SCH002,2021
100532,Michael,Garcia,SCH003,2023
100533,Daniel,Garcia,SCH005,2023
100534,Ashley,Miller,SCH001,2023
100535,Ashley,Anderson,SCH004,2023
100536,Ashley,Taylor,SCH005,2022
100537,Chris,johnson  ,SCH005,2022
100538,Emily,Anderson,SCH001,2023
100539,Daniel,Johnson,SCH002,2021
100540,James,Anderson,SCH002,2023
100541,Michael,Moore,SCH003,2023
100542,Sarah,Smith,SCH003,2023
100543,Taylor,Moore,SCH001,2021
100544,Ashley,Moore,SCH003,2022
100545,David,Davis,SCH005,2023
100546,Daniel,Garcia,SCH004,2021
100547,Chris,Smith,SCH005,2021
100548,James,Wilson,SCH003,2022
100549,Michael,Brown,SCH004,2021
100550,Ashley,Smith,SCH003,2021
100551,Taylor,Taylor,SCH004,2022
100552,David,Wilson,SCH002,2023
100553,Daniel,Miller,SCH002,2023
100554,Maria,Davis,SCH002,2023
100555,Michael,Johnson,SCH001,2022
100556,Chris,Davis,SCH001,2023
100557,  DANIEL ,Miller,SCH002,2023
100558,James,Taylor,SCH005,2022
100559,  MARIA ,Miller,SCH001,2021
100560,Emily,Garcia,SCH001,2022
100561,David,Brown,SCH001,2023
100562,Emily,Smith,SCH001,2023
100563,Ashley,Smith,SCH001,2022
100564,Maria,Smith,SCH005,2023
100565,Michael,Wilson,SCH001,2021
100566,Michael,Anderson,,2023
100567,Taylor,Garcia,SCH003,2023
100568,James,Moore,SCH004,2022
100569,Michael,Wilson,SCH003,2023
100570,Chris,Smith,SCH005,2023
100571,Michael,Anderson,SCH003,2021
100572,Taylor,Smith,SCH001,2022
100573,Daniel,Smith,SCH003,2023
100574,David,Moore,SCH001,2021
100575,Chris,Anderson,SCH001,2022
100576,Ashley,Davis,SCH003,2021
100577,Ashley,Garcia,,2023
100578,Ashley,wilson  ,SCH003,2023
100579,Daniel,Davis,SCH003,2021
100580,Maria,Anderson,SCH005,2022
100581,Chris,Taylor,SCH005,2022
100582,Maria,Anderson,SCH002,2023
100583,Daniel,Taylor,SCH004,2022
100584,Sarah,Taylor,SCH002,2023
100585,Michael,Johnson,SCH001,2023
100586,Sarah,Moore,SCH003,2021
100587,Ashley,Johnson,SCH001,2021
100588,Daniel,Brown,SCH005,2023
100589,Maria,anderson  ,SCH003,2023
100590,Maria,Wilson,SCH005,2021
100591,Michael,Johnson,SCH004,2021
100592,Chris,Anderson,SCH003,2022
100593,Taylor,Anderson,SCH003,2022
100594,Maria,Johnson,SCH002,2022
100595,Emily,Miller,SCH005,2021
100596,Emily,Brown,SCH004,2023
100597,Chris,Anderson,SCH001,2021
100598,Michael,Johnson,SCH005,2022
100599,Maria,Wilson,SCH005,2022
100600,Maria,Moore,SCH004,2021
100601,Maria,Davis,SCH002,2022
100602,Taylor,Smith,SCH002,2021
100603,Taylor,Miller,SCH005,2022
100604,Daniel,Moore,SCH003,2021
100605,Sarah,Wilson,SCH002,2023
100606,Maria,Brown,SCH002,2021
100607,  TAYLOR ,Moore,SCH002,2022
100608,Emily,Smith,SCH001,2022
100609,Emily,Wilson,SCH002,2022
100610,Emily,Johnson,SCH001,2021
100611,Emily,Smith,SCH001,2021
100612,James,Smith,SCH003,2022
100613,Michael,Davis,SCH002,2022
100614,James,Johnson,SCH003,2021
100615,David,Miller,SCH001,2021
100616,Sarah,Davis,SCH003,2023
100617,Taylor,Anderson,SCH004,2022
100618,  DAVID ,Davis,SCH004,2021
100619,Ashley,Miller,SCH003,2022
100620,David,Taylor,SCH004,2021
100621,  DANIEL ,Johnson,SCH002,2022
100622,Michael,Wilson,SCH003,2021
100623,Maria,Davis,SCH003,2022
100624,Emily,Brown,SCH003,2021
100625,  CHRIS ,Anderson,SCH005,2022
100626,Ashley,Smith,SCH004,2022
100627,James,Anderson,SCH004,2023
100628,David,Taylor,SCH004,2023
100629,Ashley,Miller,SCH002,2021
100630,Emily,Johnson,,2023
100631,Ashley,Davis,SCH004,2023
100632,Emily,Smith,SCH004,2022
100633,James,Taylor,SCH003,2023
100634,Chris,Garcia,SCH004,2021
100635,Chris,Miller,SCH004,2021
100636,Daniel,Davis,SCH003,2021
100637,David,Smith,SCH005,2023
100638,Ashley,Taylor,SCH004,2023
100639,Sarah,Moore,SCH005,2022
100640,Emily,Wilson,SCH004,2021
100641,James,miller  ,SCH004,2022
100642,Michael,Brown,SCH005,2021
100643,David,Garcia,SCH004,2021
100644,Michael,davis  ,SCH005,2022
100645,Emily,Smith,SCH004,2023
100646,Daniel,Brown,SCH001,2021
100647,Daniel,Anderson,SCH004,2023
100648,Maria,Johnson,SCH005,2022
100649,Chris,Taylor,SCH005,2023
100650,Chris,Taylor,SCH003,2022
100651,Michael,Wilson,SCH004,2022
100652,James,Miller,SCH002,2021
100653,Michael,Miller,SCH003,2023
100654,Michael,miller  ,SCH004,2021
100655,Sarah,Garcia,SCH003,2023
100656,Daniel,Taylor,SCH002,2021
100657,Ashley,Anderson,SCH005,2023
100658,Maria,Johnson,SCH005,2022
100659,Taylor,Miller,SCH002,2022
100660,Chris,Davis,SCH003,2023
100661,Chris,Davis,SCH001,2021
100662,Daniel,Miller,,2023
100663,Chris,Anderson,SCH001,2023
100664,Chris,Taylor,SCH003,2023
100665,David,Miller,SCH004,2023
100666,James,Moore,SCH002,2023
100667,Michael,Moore,SCH002,2023
100668,David,Brown,SCH004,2023
100669,Daniel,Smith,SCH002,2022
100670,Maria,Wilson,SCH001,2022
100671,Emily,Anderson,SCH005,2022
100672,Chris,Smith,SCH002,2021
100673,Sarah,Anderson,SCH002,2022
100674,Ashley,Anderson,SCH002,2023
100675,Taylor,Wilson,SCH001,2022
100676,Michael,Taylor,SCH002,2023
100677,Maria,Brown,SCH005,2023
100678,James,Moore,SCH004,2021
100679,James,smith  ,SCH003,2022
100680,Maria,Miller,SCH001,2023
100681,Michael,Smith,SCH003,2023
100682,  ASHLEY ,Moore,SCH004,2021
100683,Michael,Johnson,SCH002,2023
100684,Taylor,Taylor,SCH004,2023
100685,James,Moore,SCH002,2023
100686,Emily,Taylor,SCH004,2021
100687,Chris,Wilson,SCH003,2023
100688,Ashley,anderson  ,SCH001,2022
100689,Michael,moore  ,SCH001,2022
100690,Maria,Smith,SCH004,2022
100691,Emily,Smith,SCH001,2023
100692,Daniel,Davis,SCH004,2023
100693,Maria,Miller,SCH002,2023
100694,Michael,Garcia,SCH003,2023
100695,Michael,Smith,SCH004,2022
100696,Daniel,Wilson,SCH003,2021
100697,Taylor,Taylor,SCH004,2021
100698,  MICHAEL ,Smith,SCH003,2021
100699,Maria,Moore,SCH002,2022
100700,James,Miller,SCH001,2022
100701,Michael,Johnson,SCH001,2022
100702,Emily,Davis,SCH003,2022
100703,Maria,Brown,SCH003,2022
100704,Michael,Smith,SCH004,2021
100705,Taylor,Miller,SCH001,2021
100706,Michael,Davis,SCH004,2022
100707,Emily,Johnson,SCH004,2023
100708,Sarah,Davis,SCH001,2021
100709,Maria,Davis,SCH002,2023
100710,Daniel,Smith,SCH005,2023
100711,Sarah,Brown,SCH004,2023
100712,Daniel,Anderson,SCH001,2023
100713,Emily,Wilson,SCH002,2021
100714,Daniel,Moore,SCH002,2021
100715,  MARIA ,Miller,SCH002,2023
100716,Sarah,Smith,SCH005,2023
100717,David,Wilson,SCH005,2022
100718,Michael,Taylor,SCH001,2021
100719,Daniel,Moore,SCH002,2021
100720,Chris,Davis,SCH004,2021
100721,Maria,Taylor,SCH004,2023
100722,Chris,Taylor,SCH002,2022
100723,James,Anderson,SCH001,2022
100724,Emily,Anderson,SCH004,2021
100725,Michael,Anderson,SCH005,2022
100726,David,Taylor,SCH001,2022
100727,Michael,Taylor,SCH001,2021
100728,Emily,Garcia,SCH004,2022
100729,Maria,Taylor,SCH004,2021
100730,James,Davis,SCH004,2022
100731,Taylor,Moore,,2022
100732,Sarah,Smith,SCH001,2022
100733,Chris,Davis,SCH002,2023
100734,Chris,Miller,SCH001,2023
100735,Daniel,Johnson,SCH004,2023
100736,Chris,Johnson,SCH004,2021
100737,Emily,Moore,SCH004,2021
100738,Emily,Garcia,SCH003,2021
100739,Ashley,Wilson,SCH002,2099
100740,Emily,Davis,SCH002,2021
100741,Taylor,Brown,SCH003,2023
100742,Ashley,Wilson,SCH001,2022
100743,Maria,Brown,SCH005,2023
100744,Michael,Miller,SCH002,2022
100745,Sarah,Miller,SCH005,2021
100746,Chris,Brown,SCH004,2023
100747,Chris,Brown,SCH005,2021
100748,Emily,Anderson,SCH001,2021
100749,Sarah,Taylor,SCH003,2022
100750,Maria,Brown,SCH003,2022
100751,Emily,Smith,SCH005,2021
100752,David,Brown,SCH005,2023
100753,  ASHLEY ,Johnson,SCH004,2021
100754,Emily,Taylor,SCH002,2023
100755,Ashley,Smith,SCH001,2021
100756,Emily,Anderson,SCH004,2021
100757,James,Anderson,SCH005,2023
100758,Emily,Wilson,SCH004,2022
100759,Taylor,Johnson,SCH001,2022
100760,Maria,brown  ,SCH004,2021
100761,David,Garcia,SCH002,2022
100762,Ashley,Garcia,SCH005,2022
100763,Maria,anderson  ,SCH002,2021
100764,Chris,Taylor,SCH005,2022
100765,Michael,smith  ,SCH001,2022
100766,Sarah,Anderson,SCH002,2023
100767,Michael,Brown,SCH004,2023
100768,Emily,Moore,SCH005,2022
100769,Sarah,Wilson,SCH005,2021
100770,David,Miller,SCH001,2021
100771,David,Moore,SCH004,2022
100772,Maria,Johnson,SCH003,2021
100773,Taylor,Smith,SCH005,2021
100774,James,Garcia,SCH003,2023
100775,Chris,Moore,SCH004,2023
100776,  CHRIS ,Garcia,SCH003,2023
100777,  TAYLOR ,Miller,SCH004,2022
100778,Maria,Miller,SCH005,2023
100779,Ashley,Smith,SCH005,2021
100780,Maria,Johnson,SCH003,2022
100781,Daniel,Moore,SCH002,2022
100782,David,Miller,SCH004,2023
100783,David,Garcia,SCH004,2022
100784,Daniel,Moore,SCH002,2023
100785,Ashley,Garcia,SCH001,2023
100786,Emily,Wilson,SCH005,2022
100787,Chris,Brown,SCH005,2021
100788,Daniel,Davis,SCH004,2022
100789,Taylor,Wilson,SCH005,2021
100790,Maria,Taylor,SCH001,2023
100791,James,Brown,SCH001,2023
100792,Emily,Johnson,SCH005,2023
100793,Chris,Brown,SCH004,2022
100794,David,moore  ,SCH003,2021
100795,Ashley,Anderson,SCH004,2023
100796,Emily,Moore,SCH003,2023
100797,Ashley,Garcia,SCH003,2023
100798,Daniel,Moore,SCH003,2022
100799,Ashley,Miller,SCH002,2023
100800,Maria,Taylor,SCH001,2023
100801,Maria,Miller,SCH003,2023
100802,Ashley,Garcia,SCH004,2021
100803,Chris,Moore,SCH003,2022
100804,David,Miller,SCH003,2023
100805,Ashley,Garcia,SCH002,2021
100806,James,Smith,SCH003,2021
100807,David,Miller,SCH001,2023
100808,Maria,Taylor,SCH005,2023
100809,David,Miller,SCH002,2022
100810,Maria,Brown,SCH005,2022
100811,Daniel,Anderson,SCH001,2023
100812,Ashley,Smith,SCH002,2021
100813,  DANIEL ,Johnson,SCH002,2021
100814,Daniel,Wilson,SCH002,2021
100815,Chris,Taylor,SCH001,2021
100816,Maria,Johnson,SCH005,2021
100817,Daniel,Wilson,SCH002,2021
100818,  EMILY ,Wilson,SCH001,2021
100819,David,Wilson,SCH004,2023
100820,Maria,Wilson,SCH004,2021
100821,Michael,Moore,SCH005,2022
100822,Chris,Moore,SCH003,2023
100823,Michael,Miller,SCH003,2023
100824,Daniel,Smith,,2021
100825,David,Moore,SCH001,2021
100826,Emily,Smith,SCH005,2023
100827,Emily,Smith,SCH002,2023
100828,Sarah,Miller,SCH002,2022
100829,Taylor,Smith,SCH004,2022
100830,James,Brown,SCH002,2022
100831,James,Miller,SCH001,2022
100832,Daniel,Miller,SCH003,2021
100833,Sarah,Taylor,SCH002,2021
100834,James,Anderson,SCH001,2023
100835,James,Miller,SCH001,2022
100836,Sarah,Moore,SCH001,2021
100837,Daniel,Anderson,SCH005,2023
100838,Taylor,Anderson,SCH003,2021
100839,David,Davis,SCH004,2022
100840,Emily,Garcia,SCH003,2021
100841,Daniel,Smith,SCH002,2023
100842,James,Brown,SCH003,2023
100843,James,Miller,SCH003,2022
100844,Daniel,Miller,SCH001,2022
100845,Michael,Anderson,SCH003,2022
100846,Sarah,Davis,SCH005,2022
100847,David,Davis,SCH003,2023
100848,Daniel,Johnson,SCH003,2021
100849,David,Taylor,SCH004,2021
100850,James,Moore,SCH005,2021
100851,David,Miller,SCH004,2021
100852,Taylor,Garcia,SCH004,2021
100853,Taylor,Wilson,SCH004,2021
100854,James,Brown,SCH003,2023
100855,David,Davis,SCH004,2023
100856,Chris,Anderson,SCH005,2021
100857,James,Garcia,SCH004,2023
100858,Michael,brown  ,SCH004,2023
100859,James,Smith,SCH003,2021
100860,Sarah,Garcia,SCH005,2022
100861,Maria,Garcia,SCH002,2022
100862,David,Brown,SCH004,2022
100863,Emily,Garcia,SCH005,2023
100864,Michael,Anderson,SCH005,2021
100865,Maria,Taylor,SCH003,2022
100866,Sarah,Anderson,SCH003,2023
100867,Sarah,Miller,SCH001,2021
100868,Ashley,Brown,SCH002,2023
100869,James,Brown,SCH003,2021
100870,Ashley,Miller,SCH003,2023
100871,Daniel,Anderson,SCH004,2023
100872,David,Moore,SCH003,2022
100873,Taylor,Smith,SCH005,2022
100874,Maria,Moore,SCH005,2021
100875,Maria,Moore,SCH002,2021
100876,Sarah,Smith,SCH002,2022
100877,Michael,Johnson,SCH005,2023
100878,David,Taylor,SCH004,2022
100879,Sarah,Miller,SCH005,2022
100880,Sarah,Garcia,SCH005,2022
100881,Ashley,Taylor,SCH001,2023
100882,Taylor,Wilson,SCH004,2022
100883,David,Wilson,SCH005,2023
100884,David,Johnson,SCH002,2021
100885,David,Smith,SCH004,2021
100886,Daniel,Garcia,SCH001,2021
100887,Emily,Taylor,SCH005,2021
100888,Emily,Miller,SCH003,2022
100889,David,Taylor,SCH004,2022
100890,Ashley,Davis,SCH001,2023
100891,Maria,Davis,SCH004,2023
100892,Chris,Garcia,SCH002,2023
100893,David,Davis,SCH005,2021
100894,Emily,Miller,SCH002,2022
100895,Daniel,Smith,SCH005,2022
100896,Ashley,Brown,SCH005,2023
100897,Emily,Anderson,SCH004,2022
100898,Taylor,Taylor,SCH005,2022
100899,Taylor,Garcia,SCH004,2021
100900,Michael,Wilson,SCH002,2023
100901,David,Wilson,SCH003,2022
100902,Taylor,Anderson,SCH001,2023
100903,Emily,Moore,SCH005,2021
100904,Sarah,Taylor,SCH005,2021
100905,Chris,Anderson,SCH003,2022
100906,Chris,Taylor,SCH005,2022
100907,Maria,Moore,SCH003,2023
100908,Emily,Miller,SCH001,2022
100909,Maria,Anderson,SCH003,2023
100910,David,Smith,SCH004,2023
100911,Daniel,Garcia,SCH001,2022
100912,David,Johnson,SCH001,2021
100913,David,Davis,SCH002,2022
100914,Maria,Johnson,SCH002,2021
100915,Emily,Brown,SCH002,2022
100916,Sarah,Miller,SCH001,2021
100917,David,Wilson,SCH001,2022
100918,Taylor,Miller,SCH003,2021
100919,Daniel,Garcia,SCH003,2023
100920,Ashley,Moore,SCH004,2021
100921,Maria,Brown,SCH005,2022
100922,Sarah,Brown,SCH004,2021
100923,Michael,Brown,SCH001,2022
100924,David,Johnson,SCH002,2023
100925,Maria,Anderson,SCH005,2021
100926,James,Wilson,SCH004,2021
100927,Sarah,Anderson,SCH004,2021
100928,James,miller  ,SCH005,2022
100929,Maria,Garcia,SCH002,2023
100930,Maria,Smith,SCH003,2023
100931,Emily,Garcia,SCH002,2023
100932,Ashley,Garcia,SCH004,2021
100933,Chris,Garcia,SCH001,2023
100934,Chris,Moore,SCH004,2022
100935,Daniel,Smith,SCH005,2023
100936,James,Johnson,SCH001,2021
100937,Daniel,Johnson,SCH004,2023
100938,Daniel,Wilson,SCH002,2022
100939,James,Garcia,SCH002,2022
100940,Maria,Johnson,SCH003,2023
100941,Ashley,Davis,SCH005,2022
100942,Taylor,Garcia,SCH005,2022
100943,Chris,Garcia,SCH001,2022
100944,David,Brown,SCH003,2023
100945,  JAMES ,Miller,SCH005,2022
100946,Emily,Brown,SCH005,2021
100947,Chris,Garcia,SCH002,2021
100948,David,Johnson,SCH001,2021
100949,Ashley,Brown,SCH004,2023
100950,Ashley,Smith,SCH004,2021
100951,Michael,Miller,SCH005,2022
100952,  TAYLOR ,Davis,SCH002,2022
100953,Chris,Garcia,SCH002,2021
100954,Daniel,Moore,SCH005,2021
100955,Daniel,Miller,SCH001,2021
100956,James,Miller,SCH003,2021
100957,Maria,Taylor,SCH001,2021
100958,Taylor,Garcia,SCH002,2023
100959,  JAMES ,Smith,SCH004,2021
100960,Chris,Davis,SCH005,2022
100961,Chris,taylor  ,SCH001,2021
100962,Emily,Miller,SCH004,2021
100963,Taylor,Davis,SCH002,2023
100964,Michael,Moore,SCH004,2022
100965,Chris,Brown,SCH001,2022
100966,Daniel,Johnson,SCH001,2021
100967,Taylor,Brown,SCH001,2021
100968,James,Garcia,SCH004,2021
100969,Ashley,Wilson,SCH003,2022
100970,Sarah,Miller,SCH003,2021
100971,David,Brown,SCH002,2022
100972,Michael,wilson  ,SCH002,2099
100973,Chris,Johnson,SCH004,2023
100974,James,Garcia,SCH003,2022
100975,Michael,Johnson,SCH004,2022
100976,Ashley,Davis,SCH003,2021
100977,Maria,Anderson,SCH005,2022
100978,Sarah,Taylor,SCH002,2023
100979,Michael,Garcia,SCH002,2022
100980,Michael,Davis,SCH002,2023
100981,Chris,Miller,SCH003,2023
100982,Chris,Anderson,SCH001,2023
100983,David,Taylor,SCH002,2021
100984,Chris,Wilson,SCH001,2022
100985,Michael,Moore,SCH002,2021
100986,Michael,Miller,SCH005,2022
100987,Daniel,Brown,SCH001,2022
100988,Maria,Moore,SCH004,2022
100989,Sarah,Taylor,SCH003,2021
100990,Taylor,Moore,SCH002,2023
100991,Ashley,Moore,SCH002,2023
100992,Maria,Anderson,SCH005,2021
100993,Sarah,Wilson,SCH005,2021
100994,Taylor,Garcia,SCH001,2022
100995,Emily,Smith,SCH004,2022
100996,Michael,Garcia,SCH005,2023
100997,Chris,Anderson,SCH001,2023
100998,Daniel,Smith,SCH001,2022
100999,Maria,Wilson,SCH002,2022
101000,Michael,Garcia,SCH004,2023
101001,Maria,brown  ,SCH001,2021
101002,David,Garcia,SCH002,2022
101003,Emily,Brown,SCH003,2022
101004,Maria,Moore,SCH003,2023
101005,Ashley,Davis,SCH004,2023
101006,Sarah,Smith,SCH005,2021
101007,Daniel,Brown,SCH001,2021
101008,Daniel,Wilson,SCH001,2023
101009,Ashley,Wilson,SCH002,2023
101010,  ASHLEY ,Wilson,SCH004,2023
101011,Chris,Garcia,SCH005,2021
101012,Michael,Garcia,SCH004,2023
101013,David,Johnson,SCH003,2021
101014,Chris,Davis,SCH003,2023
101015,Taylor,Wilson,SCH002,2023
101016,David,Smith,SCH004,2022
101017,Michael,Taylor,SCH001,2021
101018,Michael,Smith,SCH004,2022
101019,Daniel,Wilson,SCH001,2021
101020,Ashley,Johnson,SCH003,2023
101021,Taylor,Johnson,SCH003,2021
101022,Michael,Taylor,SCH001,2021
101023,David,smith  ,SCH005,2023
101024,Maria,Wilson,SCH001,2022
101025,Sarah,Taylor,SCH005,2021
101026,David,Anderson,SCH003,2023
101027,Daniel,Davis,SCH001,2023
101028,Daniel,Taylor,SCH001,2023
101029,David,Miller,SCH004,2022
101030,Michael,Smith,SCH001,2022
101031,James,Garcia,SCH001,2023
101032,David,Garcia,SCH004,2021
101033,Emily,Brown,SCH003,2023
101034,Emily,Moore,SCH002,2021
101035,Taylor,Garcia,SCH005,2022
101036,James,Miller,SCH003,2022
101037,Sarah,Brown,SCH002,2023
101038,Chris,Wilson,SCH005,2021
101039,Maria,Johnson,SCH002,2021
101040,Daniel,Anderson,SCH005,2022
101041,Taylor,Brown,SCH001,2022
101042,Maria,Brown,SCH002,2021
101043,Maria,Johnson,SCH005,2022
101044,David,Garcia,,2023
101045,Ashley,smith  ,SCH001,2021
101046,Michael,Smith,SCH001,2022
101047,Emily,Smith,SCH005,2022
101048,Taylor,Miller,SCH004,2022
101049,  SARAH ,Moore,SCH001,2023
101050,  ASHLEY ,Anderson,SCH003,2022
101051,Ashley,Garcia,SCH005,2022
101052,Sarah,Miller,SCH001,2022
101053,Ashley,Anderson,SCH004,2022
101054,James,Smith,SCH001,2023
101055,Emily,Brown,SCH003,2023
101056,Michael,Brown,SCH003,2021
101057,Emily,Wilson,SCH003,2023
101058,Daniel,Brown,SCH002,2021
101059,James,Johnson,SCH002,2021
101060,Sarah,Davis,SCH004,2022
101061,Sarah,Davis,SCH005,2023
101062,Maria,Davis,SCH004,2021
101063,David,Miller,SCH003,2021
101064,Ashley,Brown,SCH004,2023
101065,Daniel,Taylor,SCH002,2022
101066,Maria,Davis,SCH001,2021
101067,Sarah,Wilson,SCH005,2021
101068,Maria,Davis,SCH001,2022
101069,Emily,Garcia,SCH001,2023
101070,David,Johnson,SCH004,2022
101071,Maria,Johnson,SCH005,2023
101072,Daniel,moore  ,SCH005,2021
101073,Sarah,Davis,SCH004,2021
101074,Ashley,Moore,SCH002,2023
101075,Taylor,Brown,SCH001,2021
101076,Taylor,Wilson,SCH002,2021
101077,Emily,Anderson,SCH003,2022
101078,  MICHAEL ,Garcia,SCH004,2022
101079,Emily,Davis,SCH002,2021
101080,Taylor,Anderson,SCH001,2023
101081,Sarah,Brown,SCH001,2021
101082,Taylor,Davis,SCH003,2022
101083,Taylor,Miller,SCH001,2021
101084,Michael,Garcia,SCH004,2023
101085,Chris,Smith,SCH001,2023
101086,Michael,Davis,SCH003,2022
101087,James,Taylor,SCH002,2022
101088,David,Davis,SCH005,2023
101089,Chris,Wilson,SCH002,2022
101090,Emily,Moore,SCH005,2023
101091,  DANIEL ,Johnson,SCH004,2021
101092,Sarah,Miller,SCH005,2022
101093,Chris,Garcia,SCH002,2023
101094,Michael,Brown,SCH001,2021
101095,Ashley,Brown,SCH005,2022
101096,Sarah,Miller,SCH003,2022
101097,James,Garcia,SCH003,2023
101098,Michael,Anderson,SCH004,2023
101099,Daniel,Anderson,SCH002,2022
101100,James,Brown,SCH002,2022
101101,Emily,Anderson,SCH002,2022
101102,Taylor,Wilson,SCH003,2021
101103,Maria,Johnson,SCH004,2099
101104,Michael,Garcia,SCH002,2022
101105,James,Anderson,SCH004,2022
101106,Sarah,Taylor,SCH002,2023
101107,Maria,Johnson,SCH002,2022
101108,Michael,Anderson,SCH001,2021
101109,Sarah,Anderson,SCH005,2023
101110,Ashley,Wilson,SCH003,2022
101111,David,miller  ,SCH003,2023
101112,Sarah,Brown,,2023
101113,Daniel,Wilson,SCH002,2023
101114,Sarah,Miller,SCH004,2022
101115,Michael,Moore,SCH002,2022
101116,Taylor,Taylor,SCH002,2021
101117,Emily,Anderson,SCH002,2023
101118,Emily,Wilson,SCH003,2021
101119,Chris,Brown,SCH001,2022
101120,James,Johnson,SCH004,2022
101121,Ashley,Miller,SCH001,2023
101122,Michael,Wilson,SCH002,2023
101123,Daniel,Smith,SCH003,2023
101124,Maria,Wilson,SCH004,2023
101125,James,Johnson,,2021
101126,Maria,Wilson,SCH004,2023
101127,Maria,Garcia,SCH003,2021
101128,Sarah,Miller,SCH002,2023
101129,James,Johnson,SCH001,2022
101130,James,Moore,SCH001,2022
101131,Emily,Garcia,SCH005,2023
101132,Ashley,Davis,SCH005,2022
101133,Daniel,johnson  ,SCH004,2023
101134,Daniel,Johnson,SCH001,2022
101135,Emily,Garcia,SCH001,2021
101136,Ashley,Miller,SCH005,2021
101137,Maria,Brown,SCH002,2023
101138,Maria,Smith,SCH004,2022
101139,Chris,Taylor,SCH003,2022
101140,  DANIEL ,Brown,SCH005,2023
101141,Daniel,Taylor,SCH004,2023
101142,Sarah,Anderson,SCH002,2023
101143,Daniel,Brown,SCH004,2022
101144,David,Miller,SCH001,2023
101145,Sarah,garcia  ,SCH005,2023
101146,Maria,Garcia,SCH005,2022
101147,Chris,Wilson,SCH004,2022
101148,Sarah,Smith,SCH003,2023
101149,Chris,Johnson,SCH003,2023
101150,Daniel,Garcia,SCH001,2021
101151,Michael,Miller,SCH002,2023
101152,Maria,Garcia,SCH005,2022
101153,Taylor,Brown,SCH005,2021
101154,Ashley,Smith,SCH003,2023
101155,James,Garcia,SCH005,2023
101156,Taylor,Wilson,SCH001,2023
101157,Maria,Taylor,SCH001,2023
101158,  MICHAEL ,Miller,SCH002,2023
101159,Maria,Miller,SCH004,2022
101160,Ashley,Davis,SCH005,2023
101161,Emily,Johnson,SCH001,2023
101162,Emily,Johnson,SCH001,2023
101163,Ashley,Davis,SCH004,2022
101164,  SARAH ,Johnson,SCH001,2022
101165,Chris,Davis,SCH004,2021
101166,Daniel,Anderson,SCH005,2023
101167,  ASHLEY ,Johnson,SCH002,2021
101168,David,Wilson,,2022
101169,Maria,Miller,SCH001,2023
101170,Taylor,Davis,SCH001,2022
101171,Ashley,Davis,SCH003,2021
101172,David,Anderson,SCH005,2021
101173,James,Davis,SCH002,2023
101174,James,Wilson,SCH003,2022
101175,Maria,Smith,SCH005,2022
101176,James,Smith,SCH002,2022
101177,James,Brown,SCH004,2022
101178,Michael,Brown,SCH001,2022
101179,Ashley,Johnson,SCH004,2023
101180,Emily,wilson  ,SCH004,2022
101181,Chris,Smith,SCH004,2023
101182,Emily,Wilson,SCH001,2023
101183,James,Brown,SCH002,2021
101184,Emily,Garcia,SCH001,2022
101185,Sarah,Moore,SCH005,2023
101186,David,taylor  ,SCH001,2022
101187,Ashley,Garcia,SCH003,2022
101188,Daniel,Moore,SCH003,2023
101189,Emily,Miller,SCH004,2022
101190,Maria,Smith,SCH004,2023
101191,Michael,Taylor,SCH003,2023
101192,Daniel,Garcia,SCH004,2021
101193,Ashley,Davis,SCH003,2023
101194,Michael,miller  ,SCH004,2023
101195,  CHRIS ,Miller,SCH001,2023
101196,Michael,Brown,SCH001,2022
101197,Chris,Anderson,SCH003,2022
101198,Ashley,Smith,SCH001,2021
101199,Ashley,Anderson,SCH002,2023
101200,Emily,Smith,SCH004,2021
101201,Daniel,Anderson,SCH003,2022
101202,Maria,Brown,SCH004,2021
101203,Maria,Moore,SCH004,2023
101204,Emily,Miller,SCH003,2023
101205,Emily,smith  ,SCH005,2023
101206,Emily,Anderson,SCH002,2021
101207,Taylor,Brown,SCH001,2022
101208,Emily,Taylor,SCH005,2021
101209,  JAMES ,Garcia,,2021
101210,David,Wilson,SCH005,2022
101211,Sarah,Moore,SCH001,2023
101212,Michael,Smith,SCH004,2023
101213,Emily,Wilson,SCH002,2022
101214,Emily,Taylor,SCH002,2022
101215,David,Anderson,SCH001,2023
101216,James,Taylor,SCH001,2023
101217,Emily,Johnson,SCH004,2023
101218,Maria,Wilson,SCH004,2022
101219,Emily,Taylor,SCH003,2021
101220,Sarah,Brown,SCH004,2021
101221,Daniel,Johnson,SCH005,2022
101222,Emily,Miller,SCH004,2022
101223,Taylor,Brown,SCH005,2021
101224,Ashley,Brown,SCH001,2023
101225,Emily,Davis,SCH004,2023
101226,Daniel,Wilson,SCH002,2021
101227,Ashley,Smith,SCH004,2021
101228,Taylor,Davis,SCH003,2022
101229,Chris,Brown,SCH004,2023
101230,Daniel,Garcia,SCH005,2023
101231,  EMILY ,Davis,SCH005,2021
101232,James,Davis,SCH004,2022
101233,Emily,Wilson,SCH002,2022
101234,Ashley,Taylor,SCH001,2022
101235,Chris,Taylor,SCH002,2023
101236,Sarah,Smith,SCH005,2022
101237,Sarah,smith  ,SCH004,2023
101238,Chris,Wilson,SCH005,2023
101239,Daniel,Taylor,SCH001,2023
101240,  SARAH ,Johnson,SCH004,2021
101241,Daniel,Moore,SCH005,2021
101242,  EMILY ,Miller,SCH002,2021
101243,James,Brown,SCH003,2021
101244,  ASHLEY ,Miller,SCH004,2022
101245,Maria,Smith,SCH003,2023
101246,Chris,Miller,SCH002,2021
101247,Chris,Smith,SCH002,2021
101248,Daniel,Miller,SCH002,2022
101249,Daniel,Garcia,,2023
101250,Michael,Davis,SCH002,2023
101251,Emily,Brown,SCH002,2023
101252,David,Davis,SCH002,2021
101253,Taylor,Brown,SCH004,2023
101254,Sarah,Anderson,SCH004,2023
101255,Emily,Garcia,SCH004,2022
101256,Ashley,Davis,SCH004,2022
101257,Emily,Taylor,SCH005,2022
101258,Daniel,Johnson,SCH004,2023
101259,Taylor,Anderson,SCH002,2023
101260,Michael,Johnson,SCH005,2022
101261,Emily,Davis,SCH003,2022
101262,Emily,Anderson,SCH003,2023
101263,David,Wilson,,2021
101264,Ashley,Johnson,SCH004,2022
101265,David,Smith,SCH001,2023
101266,Chris,Johnson,SCH005,2021
101267,Ashley,Taylor,SCH002,2021
101268,Taylor,Taylor,SCH003,2023
101269,Maria,Brown,SCH001,2023
101270,Chris,Wilson,SCH003,2023
101271,Sarah,Anderson,SCH003,2022
101272,Sarah,Wilson,SCH003,2022
101273,Taylor,Brown,SCH003,2022
101274,Chris,Davis,SCH003,2023
101275,Chris,Moore,SCH004,2021
101276,James,Taylor,SCH004,2021
101277,Ashley,Anderson,SCH003,2022
101278,Chris,Miller,SCH005,2022
101279,David,Davis,SCH005,2022
101280,David,Garcia,SCH005,2021
101281,David,Miller,SCH005,2021
101282,Michael,Miller,SCH002,2023
101283,Ashley,Wilson,SCH004,2022
101284,Chris,Brown,SCH003,2021
101285,Taylor,Moore,SCH004,2022
101286,David,Wilson,SCH005,2023
101287,Ashley,Garcia,SCH005,2022
101288,David,Garcia,SCH003,2022
101289,Sarah,Smith,SCH001,2023
101290,Chris,Smith,SCH004,2023
101291,Ashley,Anderson,SCH003,2023
101292,Taylor,Miller,SCH002,2023
101293,Sarah,Johnson,SCH005,2021
101294,  CHRIS ,Moore,SCH002,2021
101295,Chris,Miller,SCH003,2022
101296,Taylor,Anderson,SCH003,2022
101297,Chris,Miller,SCH003,2022
101298,Taylor,Moore,SCH002,2021
101299,Daniel,Davis,SCH004,2021
101300,Michael,Johnson,SCH002,2023
101301,James,Moore,SCH001,2022
101302,Chris,Smith,SCH003,2023
101303,Michael,Moore,SCH005,2023
101304,  DAVID ,Anderson,SCH004,2021
101305,Chris,Smith,SCH003,2023
101306,Michael,Brown,SCH001,2022
101307,Daniel,Moore,SCH004,2022
101308,Emily,Anderson,SCH002,2022
101309,James,Miller,SCH003,2023
101310,Ashley,Taylor,SCH002,2022
101311,Daniel,Brown,SCH005,2023
101312,James,Taylor,SCH004,2021
101313,Emily,Johnson,SCH001,2022
101314,David,Wilson,SCH003,2023
101315,James,Moore,SCH004,2022
101316,Sarah,Brown,SCH004,2022
101317,Ashley,Taylor,SCH004,2023
101318,Chris,Miller,SCH001,2022
101319,Sarah,davis  ,SCH003,2099
101320,Ashley,Wilson,SCH004,2021
101321,David,Brown,SCH002,2022
101322,Ashley,Wilson,SCH005,2021
101323,Sarah,Davis,SCH001,2023
101324,Sarah,Johnson,SCH001,2023
101325,Taylor,Garcia,SCH004,2023
101326,Sarah,Moore,SCH004,2021
101327,Maria,Anderson,,2023
101328,Ashley,Davis,SCH005,2021
101329,Taylor,Smith,SCH003,2023
101330,  MARIA ,Moore,SCH004,2021
101331,Daniel,Garcia,SCH001,2022
101332,Ashley,Taylor,SCH005,2023
101333,Taylor,Smith,SCH004,2023
101334,James,Brown,SCH001,2023
101335,Emily,garcia  ,SCH003,2022
101336,Michael,Wilson,SCH002,2022
101337,Sarah,Miller,SCH001,2022
101338,Michael,Taylor,SCH002,2099
101339,Emily,Moore,SCH002,2023
101340,James,Taylor,SCH005,2022
101341,Ashley,Davis,SCH003,2021
101342,Ashley,Anderson,SCH005,2021
101343,Daniel,Taylor,SCH002,2021
101344,David,Wilson,SCH005,2022
101345,Daniel,Garcia,SCH003,2022
101346,Maria,Brown,SCH005,2022
101347,Daniel,Davis,SCH001,2022
101348,Sarah,Davis,SCH002,2023
101349,Chris,Brown,SCH002,2022
101350,Chris,Davis,SCH001,2023
101351,Daniel,Taylor,SCH005,2022
101352,James,Smith,SCH005,2022
101353,Michael,Taylor,SCH005,2022
101354,Daniel,Garcia,SCH003,2023
101355,Chris,Miller,,2023
101356,Daniel,Miller,SCH001,2022
101357,Ashley,Davis,SCH004,2022
101358,Michael,Wilson,SCH003,2022
101359,James,Moore,SCH002,2022
101360,James,Anderson,SCH002,2022
101361,David,Wilson,SCH002,2021
101362,Chris,Johnson,SCH003,2023
101363,David,johnson  ,SCH002,2022
101364,Ashley,Smith,SCH003,2022
101365,Ashley,Davis,SCH003,2023
101366,Taylor,Garcia,SCH004,2022
101367,Ashley,Garcia,SCH004,2099
101368,Ashley,Miller,SCH005,2022
101369,Ashley,Brown,SCH002,2022
101370,Emily,Garcia,SCH002,2021
101371,Maria,Anderson,,2022
101372,Michael,Davis,SCH004,2021
101373,Daniel,Johnson,SCH004,2023
101374,David,Johnson,SCH005,2021
101375,Maria,Miller,SCH003,2023
101376,Daniel,Anderson,SCH001,2022
101377,Taylor,Smith,SCH005,2023
101378,Maria,Miller,SCH002,2022
101379,Ashley,Brown,SCH002,2022
101380,David,Anderson,SCH002,2022
101381,Maria,Wilson,SCH005,2023
101382,Maria,Anderson,SCH001,2022
101383,David,Garcia,SCH004,2022
101384,Taylor,Smith,SCH003,2023
101385,Chris,Moore,SCH004,2022
101386,Maria,Johnson,SCH003,2021
101387,Chris,Wilson,SCH001,2022
101388,James,Johnson,SCH003,2023
101389,Taylor,Anderson,SCH004,2022
101390,Sarah,Garcia,SCH003,2021
101391,Taylor,Anderson,SCH005,2023
101392,Maria,Brown,SCH001,2022
101393,Maria,wilson  ,SCH001,2023
101394,Daniel,Johnson,SCH005,2022
101395,Maria,Moore,SCH003,2022
101396,Daniel,Anderson,SCH003,2022
101397,Maria,Brown,SCH002,2023
101398,Sarah,Smith,SCH002,2022
101399,Daniel,Smith,SCH003,2022
101400,James,Miller,SCH002,2022
101401,Sarah,Davis,SCH002,2021
101402,  DANIEL ,Miller,SCH004,2021
101403,Michael,Taylor,SCH005,2021
101404,Ashley,Miller,SCH005,2021
101405,Daniel,Anderson,SCH001,2021
101406,Sarah,Smith,SCH002,2023
101407,Daniel,Miller,SCH004,2022
101408,Michael,Smith,SCH005,2022
101409,Chris,Garcia,SCH002,2021
101410,  CHRIS ,Brown,SCH005,2022
101411,  ASHLEY ,Garcia,SCH001,2022
101412,Emily,Davis,SCH005,2022
101413,Taylor,Moore,SCH002,2023
101414,David,Anderson,SCH002,2023
101415,Emily,Taylor,SCH004,2023
101416,Michael,Garcia,SCH003,2023
101417,Maria,moore  ,SCH002,2021
101418,  CHRIS ,Moore,SCH001,2022
101419,Taylor,Johnson,SCH004,2023
101420,Taylor,Wilson,SCH005,2023
101421,Michael,Wilson,SCH003,2023
101422,Daniel,Brown,SCH003,2022
101423,Sarah,Taylor,SCH003,2023
101424,Chris,Wilson,SCH001,2022
101425,Emily,Moore,SCH003,2023
101426,Chris,Moore,SCH003,2023
101427,Daniel,Anderson,SCH004,2023
101428,Michael,Smith,SCH001,2021
101429,  ASHLEY ,Anderson,SCH003,2021
101430,Maria,moore  ,SCH001,2023
101431,Maria,Davis,SCH004,2021
101432,Ashley,Taylor,SCH004,2021
101433,David,Wilson,SCH005,2022
101434,Sarah,Miller,SCH003,2021
101435,Daniel,Moore,SCH002,2023
101436,  SARAH ,Wilson,SCH001,2021
101437,Michael,Taylor,SCH001,2022
101438,Emily,Brown,SCH004,2022
101439,Sarah,Taylor,SCH005,2021
101440,Taylor,Taylor,SCH001,2023
101441,James,Smith,SCH002,2023
101442,Michael,Wilson,SCH002,2021
101443,Michael,Anderson,SCH002,2021
101444,Ashley,Johnson,SCH001,2023
101445,Taylor,Wilson,SCH003,2021
101446,Chris,Brown,SCH003,2023
101447,James,Johnson,SCH004,2021
101448,Daniel,Miller,SCH005,2021
101449,Taylor,Taylor,SCH002,2023
101450,Maria,Brown,SCH004,2021
101451,Maria,Miller,SCH004,2023
101452,David,Moore,SCH002,2023
101453,Daniel,smith  ,SCH003,2021
101454,Sarah,Johnson,SCH004,2021
101455,James,Moore,SCH002,2022
101456,Sarah,Taylor,SCH001,2022
101457,Daniel,Smith,SCH001,2021
101458,Daniel,Miller,SCH005,2023
101459,Sarah,Moore,SCH003,2022
101460,Chris,Wilson,SCH003,2021
101461,Maria,Brown,SCH001,2022
101462,David,Miller,SCH005,2022
101463,Michael,Johnson,SCH004,2023
101464,James,Smith,SCH004,2022
101465,Ashley,Johnson,SCH005,2021
101466,Maria,Garcia,SCH005,2023
101467,Maria,Miller,SCH005,2022
101468,Daniel,Moore,SCH005,2022
101469,Chris,Garcia,SCH001,2022
101470,Chris,johnson  ,SCH004,2022
101471,Ashley,Johnson,SCH004,2021
101472,Maria,Davis,SCH002,2021
101473,Maria,Davis,SCH005,2023
101474,Taylor,Moore,SCH003,2023
101475,Sarah,Taylor,SCH004,2023
101476,Chris,Miller,SCH002,2022
101477,Ashley,Taylor,SCH002,2022
101478,Emily,Moore,SCH004,2022
101479,Emily,Anderson,SCH005,2023
101480,Emily,Anderson,SCH003,2022
101481,Maria,Anderson,SCH003,2022
101482,David,Moore,SCH004,2023
101483,Taylor,Garcia,SCH001,2023
101484,David,Miller,SCH004,2022
101485,Chris,Davis,SCH002,2022
101486,Maria,Smith,SCH005,2022
101487,Emily,Brown,SCH001,2023
101488,David,Davis,SCH005,2023
101489,Daniel,garcia  ,SCH004,2023
101490,  MARIA ,Miller,SCH001,2022
101491,Emily,Taylor,SCH003,2023
101492,Chris,Davis,SCH004,2023
101493,James,Davis,,2021
101494,David,Wilson,SCH003,2023
101495,James,Anderson,SCH002,2022
101496,Michael,Taylor,SCH005,2099
101497,Sarah,Johnson,SCH005,2021
101498,James,Smith,SCH004,2022
101499,David,Johnson,SCH005,2021
101500,  DANIEL ,Taylor,SCH002,2022
101501,Daniel,Moore,SCH004,2021
101502,David,Smith,SCH003,2023
101503,Daniel,Garcia,,2023
101504,Ashley,Brown,SCH004,2021
101505,Taylor,Moore,SCH003,2021
101506,Taylor,Taylor,SCH005,2022
101507,Ashley,Anderson,SCH003,2023
101508,Chris,Davis,SCH002,2022
101509,Daniel,Brown,SCH002,2021
101510,David,Brown,SCH004,2022
101511,Taylor,Wilson,SCH003,2023
101512,James,Wilson,SCH003,2023
101513,Emily,Anderson,SCH004,2021
101514,Maria,Wilson,,2023
101515,Michael,Moore,SCH004,2021
101516,Maria,Anderson,SCH003,2023
101517,Daniel,anderson  ,SCH004,2023
101518,Daniel,Wilson,SCH005,2021
101519,Daniel,Brown,,2022
101520,David,Garcia,SCH003,2022
101521,Daniel,Brown,SCH003,2022
101522,Michael,Smith,SCH004,2022
101523,Taylor,Taylor,SCH003,2023
101524,Taylor,Taylor,SCH001,2021
101525,Maria,Anderson,SCH001,2023
101526,  SARAH ,Taylor,SCH003,2021
101527,Chris,Wilson,SCH003,2021
101528,Emily,Anderson,SCH004,2023
101529,Taylor,Brown,,2023
101530,Maria,Miller,SCH005,2021
101531,Maria,Anderson,SCH003,2023
101532,Daniel,Brown,SCH001,2022
101533,Chris,Brown,SCH001,2023
101534,Maria,Garcia,SCH001,2021
101535,Taylor,Miller,SCH002,2023
101536,Maria,Moore,SCH005,2021
101537,Chris,Miller,SCH004,2022
101538,Chris,Smith,SCH002,2022
101539,David,Wilson,SCH001,2023
101540,David,Anderson,SCH001,2023
101541,Ashley,Taylor,SCH001,2022
101542,Sarah,Smith,SCH004,2023
101543,Daniel,taylor  ,SCH003,2022
101544,Emily,Taylor,SCH004,2022
101545,James,Moore,SCH004,2021
101546,Chris,Wilson,SCH002,2021
101547,Taylor,Johnson,SCH002,2021
101548,Maria,Davis,SCH004,2023
101549,  DAVID ,Wilson,SCH001,2021
101550,Sarah,Miller,SCH002,2023
101551,Daniel,Garcia,SCH002,2022
101552,David,Moore,SCH001,2023
101553,David,Miller,SCH002,2022
101554,Maria,Smith,SCH003,2022
101555,Sarah,Taylor,SCH001,2023
101556,Maria,garcia  ,SCH004,2022
101557,Chris,Garcia,SCH001,2022
101558,Michael,Johnson,SCH001,2021
101559,Sarah,Moore,SCH005,2021
101560,Taylor,Anderson,SCH001,2023
101561,Sarah,Anderson,SCH001,2021
101562,Chris,Davis,SCH003,2022
101563,Emily,Johnson,SCH001,2021
101564,Chris,Anderson,SCH002,2023
101565,Emily,Johnson,SCH003,2021
101566,Michael,Wilson,SCH005,2023
101567,David,Garcia,SCH002,2021
101568,David,Moore,SCH003,2021
101569,Emily,Johnson,SCH005,2022
101570,Michael,Johnson,SCH003,2021
101571,James,Brown,SCH002,2021
101572,Michael,Wilson,SCH002,2023
101573,Maria,Johnson,SCH003,2021
101574,Michael,Moore,SCH005,2022
101575,James,Davis,SCH001,2021
101576,Taylor,Smith,SCH005,2021
101577,Ashley,Smith,SCH003,2022
101578,Taylor,Wilson,SCH002,2022
101579,Sarah,Anderson,SCH005,2021
101580,James,Johnson,SCH002,2023
101581,Ashley,Wilson,SCH002,2021
101582,Taylor,Moore,SCH005,2022
101583,Taylor,Brown,SCH001,2021
101584,Maria,Davis,SCH003,2023
101585,Chris,Brown,SCH005,2022
101586,James,Taylor,SCH002,2022
101587,David,Davis,SCH003,2023
101588,Taylor,Miller,SCH003,2022
101589,David,Wilson,SCH005,2022
101590,Daniel,Wilson,SCH005,2023
101591,Taylor,Miller,SCH004,2023
101592,David,Garcia,SCH005,2022
101593,Sarah,Johnson,SCH005,2023
101594,Sarah,Davis,SCH005,2022
101595,Chris,Johnson,SCH003,2023
101596,David,Brown,SCH002,2021
101597,Daniel,Davis,SCH001,2021
101598,Emily,Smith,SCH004,2022
101599,Chris,Garcia,SCH001,2023
101600,Sarah,Anderson,SCH001,2022
101601,Ashley,Miller,SCH001,2021
101602,Daniel,Taylor,SCH004,2021
101603,Sarah,Miller,SCH003,2021
101604,Sarah,Taylor,SCH004,2022
101605,Taylor,wilson  ,SCH003,2022
101606,  CHRIS ,Garcia,SCH001,2023
101607,James,Moore,SCH001,2023
101608,Daniel,Moore,SCH003,2023
101609,James,Wilson,SCH005,2022
101610,Daniel,Davis,SCH005,2021
101611,David,Miller,SCH005,2022
101612,Daniel,Garcia,SCH005,2021
101613,Chris,Moore,SCH001,2021
101614,Chris,Wilson,SCH001,2022
101615,Sarah,Miller,SCH005,2023
101616,Ashley,Brown,SCH005,2021
101617,Michael,Moore,SCH005,2023
101618,Taylor,Taylor,SCH004,2022
101619,Michael,Wilson,SCH004,2023
101620,Chris,Wilson,SCH003,2021
101621,Ashley,Miller,SCH005,2021
101622,Emily,Moore,SCH005,2022
101623,Maria,Garcia,SCH002,2023
101624,Chris,Moore,SCH002,2023
101625,James,Wilson,SCH004,2021
101626,David,Taylor,SCH003,2021
101627,Daniel,Taylor,SCH003,2023
101628,Taylor,Wilson,SCH002,2023
101629,Chris,Miller,SCH001,2023
101630,Daniel,Brown,SCH002,2021
101631,Michael,Moore,SCH004,2022
101632,David,Johnson,SCH003,2023
101633,Ashley,Davis,SCH002,2022
101634,Chris,garcia  ,SCH002,2021
101635,James,Brown,SCH002,2023
101636,Maria,Taylor,SCH002,2023
101637,James,Brown,SCH002,2021
101638,Emily,Wilson,SCH004,2022
101639,Chris,Davis,SCH005,2022
101640,James,Johnson,SCH003,2021
101641,James,Johnson,SCH005,2022
101642,Maria,Taylor,SCH005,2022
101643,Michael,Davis,SCH003,2023
101644,Sarah,Brown,SCH003,2022
101645,James,Garcia,SCH004,2022
101646,Maria,Brown,SCH004,2023
101647,Ashley,Miller,SCH005,2023
101648,Sarah,Johnson,SCH003,2022
101649,David,Wilson,SCH004,2021
101650,Daniel,Garcia,SCH003,2022
101651,David,Brown,SCH004,2021
101652,Chris,Brown,SCH003,2023
101653,Daniel,Brown,SCH005,2022
101654,Taylor,Anderson,SCH005,2021
101655,Sarah,Johnson,SCH001,2021
101656,Michael,Garcia,SCH002,2023
101657,Chris,Wilson,SCH002,2021
101658,Michael,Moore,SCH005,2021
101659,Maria,Miller,SCH001,2021
101660,Chris,Wilson,SCH001,2021
101661,James,Miller,SCH003,2022
101662,Daniel,Moore,SCH004,2023
101663,  MICHAEL ,Wilson,SCH004,2022
101664,Ashley,Anderson,SCH001,2023
101665,Chris,Garcia,SCH002,2021
101666,James,Taylor,SCH005,2022
101667,Chris,Brown,SCH005,2023
101668,Chris,Moore,SCH002,2023
101669,Chris,Johnson,SCH003,2022
101670,Michael,Davis,SCH003,2021
101671,Sarah,Davis,SCH004,2023
101672,Daniel,davis  ,SCH005,2022
101673,James,Moore,SCH005,2023
101674,Sarah,Moore,SCH004,2021
101675,Emily,Brown,SCH004,2022
101676,Sarah,Wilson,SCH005,2021
101677,David,Anderson,SCH002,2023
101678,Chris,Anderson,,2023
101679,Emily,Wilson,SCH004,2023
101680,Sarah,Moore,SCH004,2021
101681,Daniel,Brown,,2021
101682,Emily,Smith,SCH002,2021
101683,Chris,Smith,SCH002,2022
101684,Chris,Garcia,SCH005,2021
101685,Chris,Brown,SCH005,2022
101686,Chris,Anderson,,2023
101687,Michael,Smith,SCH001,2021
101688,Taylor,Johnson,SCH005,2021
101689,Chris,Miller,SCH003,2021
101690,Chris,Davis,SCH005,2021
101691,Michael,Smith,SCH002,2023
101692,James,Davis,SCH003,2023
101693,James,Taylor,SCH002,2022
101694,Taylor,Taylor,SCH003,2023
101695,Ashley,Garcia,SCH002,2023
101696,Sarah,moore  ,SCH002,2022
101697,Taylor,Anderson,SCH002,2023
101698,James,Moore,SCH003,2022
101699,Taylor,Smith,SCH003,2022
101700,Daniel,Johnson,SCH002,2023
101701,Taylor,Taylor,SCH004,2023
101702,Maria,Taylor,SCH001,2023
101703,James,Taylor,SCH003,2023
101704,Sarah,Davis,SCH001,2021
101705,Maria,Brown,SCH001,2022
101706,Emily,Wilson,SCH004,2021
101707,Sarah,Smith,SCH005,2023
101708,Daniel,Davis,SCH003,2023
101709,Emily,Davis,SCH005,2023
101710,Sarah,Johnson,SCH003,2023
101711,Sarah,Smith,SCH002,2022
101712,Michael,wilson  ,SCH001,2023
101713,Daniel,Anderson,SCH002,2022
101714,Ashley,Brown,SCH001,2022
101715,Maria,Smith,SCH005,2022
101716,James,Brown,SCH002,2022
101717,Daniel,Davis,SCH004,2023
101718,Maria,Miller,SCH005,2023
101719,Taylor,Wilson,SCH002,2021
101720,Chris,Wilson,SCH005,2023
101721,Sarah,Garcia,,2023
101722,Chris,Davis,SCH002,2022
101723,Taylor,Taylor,SCH005,2023
101724,Taylor,wilson  ,SCH004,2021
101725,Chris,Anderson,SCH005,2022
101726,David,Wilson,SCH005,2021
101727,Taylor,Anderson,SCH001,2022
101728,Taylor,Taylor,SCH001,2022
101729,Taylor,Taylor,SCH002,2022
101730,Taylor,Miller,SCH002,2023
101731,Emily,Anderson,SCH005,2022
101732,David,Davis,SCH003,2023
101733,  MARIA ,Wilson,SCH005,2022
101734,Chris,Garcia,SCH002,2022
101735,Chris,Davis,SCH001,2022
101736,Michael,Wilson,SCH005,2023
101737,  MICHAEL ,Davis,SCH001,2023
101738,Maria,Taylor,SCH001,2021
101739,  ASHLEY ,Wilson,SCH005,2023
101740,Taylor,Taylor,SCH002,2021
101741,Michael,Taylor,SCH005,2023
101742,James,moore  ,SCH004,2022
101743,Ashley,Garcia,SCH003,2021
101744,James,Anderson,SCH001,2021
101745,Ashley,Smith,SCH003,2022
101746,Taylor,Davis,SCH004,2023
101747,Chris,Johnson,SCH002,2021
101748,Chris,Wilson,SCH003,2023
101749,Maria,Johnson,SCH001,2022
101750,David,Miller,SCH002,2022
101751,Ashley,Wilson,SCH004,2021
101752,Chris,Moore,SCH004,2023
101753,David,Johnson,SCH005,2022
101754,Maria,Johnson,SCH001,2023
101755,Michael,Anderson,SCH004,2023
101756,Maria,Miller,SCH004,2022
101757,Daniel,Miller,SCH001,2023
101758,David,Garcia,SCH005,2023
101759,Ashley,Smith,SCH001,2021
101760,Chris,Garcia,SCH001,2022
101761,  MICHAEL ,Miller,SCH001,2022
101762,Emily,Garcia,SCH001,2022
101763,  MARIA ,Davis,SCH003,2022
101764,Chris,Smith,SCH004,2023
101765,Ashley,Taylor,SCH003,2023
101766,Daniel,Anderson,SCH005,2023
101767,Daniel,Wilson,SCH004,2023
101768,Maria,Moore,SCH002,2022
101769,David,Moore,SCH004,2023
101770,Emily,Moore,SCH004,2023
101771,Chris,Anderson,SCH001,2021
101772,David,Moore,SCH001,2021
101773,Taylor,Garcia,SCH003,2023
101774,Ashley,Garcia,SCH001,2021
101775,Sarah,garcia  ,SCH001,2023
101776,Michael,Garcia,SCH005,2022
101777,Emily,Garcia,SCH002,2021
101778,Maria,Smith,SCH001,2023
101779,James,Moore,SCH001,2021
101780,Taylor,Smith,SCH001,2022
101781,Sarah,Davis,SCH001,2023
101782,Maria,Johnson,SCH003,2022
101783,Chris,Brown,SCH004,2021
101784,Maria,Smith,SCH004,2021
101785,Sarah,Davis,SCH001,2021
101786,Daniel,Davis,SCH004,2023
101787,Daniel,Johnson,SCH003,2022
101788,Maria,Wilson,SCH005,2023
101789,Emily,Davis,SCH005,2022
101790,Maria,Brown,SCH004,2021
101791,David,Taylor,SCH005,2021
101792,David,Wilson,SCH004,2021
101793,Michael,Davis,SCH002,2023
101794,Ashley,Brown,SCH005,2023
101795,Emily,Anderson,SCH005,2021
101796,Daniel,Davis,SCH003,2022
101797,James,Moore,SCH002,2021
101798,Emily,Johnson,SCH002,2021
101799,Michael,Johnson,SCH004,2023
101800,Maria,taylor  ,SCH004,2022
101801,Michael,Wilson,SCH001,2022
101802,Sarah,Davis,SCH005,2022
101803,Michael,Wilson,SCH002,2022
101804,Taylor,Brown,SCH001,2022
101805,Emily,Moore,SCH001,2023
101806,Taylor,Johnson,SCH004,2022
101807,Sarah,Miller,SCH004,2023
101808,Chris,Brown,SCH003,2022
101809,James,Johnson,SCH005,2022
101810,Sarah,Moore,SCH002,2021
101811,James,Davis,SCH002,2023
101812,Michael,Taylor,SCH004,2022
101813,Chris,Moore,SCH005,2021
101814,Taylor,Garcia,SCH004,2021
101815,Michael,Brown,SCH002,2022
101816,Emily,Johnson,SCH005,2023
101817,Ashley,Smith,SCH002,2022
101818,  DANIEL ,Johnson,SCH001,2023
101819,Michael,Davis,SCH001,2022
101820,David,Brown,SCH002,2022
101821,Emily,Wilson,SCH002,2023
101822,Taylor,Moore,SCH004,2021
101823,Taylor,garcia  ,,2022
101824,Ashley,Davis,SCH003,2023
101825,David,Anderson,SCH003,2021
101826,Emily,Smith,SCH001,2023
101827,James,Johnson,SCH005,2022
101828,Sarah,Taylor,,2023
101829,Emily,Johnson,SCH005,2022
101830,David,Miller,SCH003,2022
101831,Chris,Smith,SCH004,2022
101832,Chris,Johnson,SCH005,2023
101833,Ashley,Moore,SCH002,2023
101834,Emily,smith  ,SCH004,2022
101835,Michael,Miller,SCH001,2021
101836,Daniel,Garcia,SCH005,2021
101837,James,Johnson,SCH003,2022
101838,Ashley,Moore,SCH002,2021
101839,Chris,Johnson,SCH002,2021
101840,Michael,Miller,SCH002,2021
101841,David,Anderson,SCH005,2022
101842,Maria,Johnson,SCH002,2023
101843,  ASHLEY ,Smith,SCH001,2021
101844,Emily,Moore,SCH005,2022
101845,Ashley,Moore,SCH002,2021
101846,Emily,Brown,,2021
101847,Michael,Smith,SCH004,2023
101848,David,Miller,SCH005,2021
101849,David,Taylor,SCH002,2023
101850,Ashley,Moore,SCH001,2022
101851,David,Moore,SCH001,2022
101852,Emily,Miller,SCH004,2023
101853,Sarah,Miller,,2023
101854,Emily,Garcia,SCH003,2021
101855,Daniel,Johnson,SCH002,2021
101856,Emily,Smith,SCH005,2023
101857,Emily,Davis,SCH004,2021
101858,Emily,Anderson,SCH003,2022
101859,Daniel,Davis,SCH001,2021
101860,Chris,Anderson,SCH001,2021
101861,Taylor,Davis,SCH004,2022
101862,Michael,Miller,SCH005,2021
101863,Ashley,Garcia,SCH004,2021
101864,David,Anderson,SCH003,2023
101865,Sarah,Miller,SCH002,2022
101866,Sarah,Davis,SCH004,2021
101867,Emily,Wilson,SCH005,2021
101868,Michael,Smith,SCH004,2021
101869,James,Moore,SCH003,2023
101870,James,Anderson,SCH001,2023
101871,Ashley,Miller,SCH005,2022
101872,Michael,Taylor,SCH005,2023
101873,Sarah,Brown,SCH002,2022
101874,Michael,Brown,SCH003,2022
101875,Daniel,johnson  ,SCH001,2021
101876,David,Miller,SCH004,2022
101877,Chris,Taylor,SCH005,2022
101878,Maria,Miller,SCH005,2022
101879,James,Wilson,SCH004,2023
101880,Michael,Garcia,SCH002,2022
101881,Sarah,Wilson,SCH004,2023
101882,Chris,Anderson,SCH002,2022
101883,James,Miller,SCH004,2021
101884,David,Garcia,SCH005,2022
101885,Maria,Miller,SCH003,2022
101886,Maria,Moore,SCH005,2023
101887,Michael,Taylor,SCH001,2022
101888,Emily,Wilson,SCH002,2021
101889,Emily,Johnson,SCH003,2023
101890,Ashley,Moore,SCH005,2022
101891,Taylor,Davis,SCH002,2021
101892,Taylor,Taylor,SCH003,2021
101893,James,Moore,SCH005,2023
101894,Ashley,Wilson,SCH002,2021
101895,Sarah,Wilson,SCH002,2023
101896,Sarah,Wilson,SCH004,2023
101897,Sarah,Taylor,SCH003,2023
101898,David,Wilson,SCH004,2023
101899,Taylor,Moore,SCH004,2021
101900,David,Brown,SCH002,2023
101901,Daniel,Miller,SCH001,2022
101902,Ashley,Taylor,SCH001,2023
101903,Chris,Anderson,,2021
101904,David,Anderson,SCH001,2022
101905,Michael,Brown,SCH002,2023
101906,Emily,Garcia,SCH005,2021
101907,  JAMES ,Brown,SCH001,2021
101908,Emily,Moore,SCH005,2023
101909,Daniel,Davis,SCH003,2021
101910,David,Garcia,SCH002,2023
101911,David,Moore,SCH003,2022
101912,Ashley,Garcia,SCH005,2023
101913,Taylor,Moore,SCH005,2021
101914,Daniel,Smith,SCH005,2023
101915,Chris,Johnson,SCH001,2021
101916,Ashley,Moore,SCH003,2022
101917,Sarah,Taylor,SCH003,2023
101918,Michael,Moore,SCH002,2021
101919,Ashley,Smith,SCH001,2021
101920,Taylor,Taylor,SCH004,2023
101921,  EMILY ,Smith,SCH001,2021
101922,Ashley,garcia  ,SCH003,2021
101923,James,Smith,SCH002,2021
101924,Ashley,Anderson,SCH004,2023
101925,Maria,Smith,SCH001,2022
101926,David,Miller,,2021
101927,Taylor,Taylor,SCH004,2023
101928,Michael,Davis,SCH002,2023
101929,David,Moore,SCH002,2021
101930,Ashley,Taylor,SCH002,2022
101931,Emily,Miller,SCH005,2021
101932,Taylor,Davis,SCH002,2021
101933,Sarah,Taylor,SCH005,2023
101934,Michael,Moore,SCH001,2023
101935,Emily,Moore,SCH004,2023
101936,Sarah,Taylor,SCH001,2022
101937,David,Miller,SCH001,2021
101938,Emily,Moore,SCH003,2022
101939,Sarah,Garcia,SCH002,2021
101940,Emily,Garcia,SCH001,2023
101941,James,Miller,SCH005,2021
101942,Taylor,Miller,SCH003,2022
101943,Sarah,Smith,SCH003,2099
101944,Emily,Smith,SCH001,2022
101945,Emily,Taylor,SCH003,2022
101946,James,Wilson,SCH005,2022
101947,Michael,Smith,SCH001,2022
101948,James,Johnson,SCH001,2021
101949,Taylor,Brown,SCH004,2021
101950,Maria,Wilson,SCH004,2022
101951,David,Garcia,SCH001,2021
101952,Ashley,Smith,SCH003,2022
101953,Taylor,Miller,SCH004,2023
101954,James,Wilson,SCH005,2021
101955,Chris,Johnson,SCH005,2022
101956,James,Smith,SCH001,2021
101957,Maria,Wilson,SCH003,2023
101958,James,Anderson,SCH003,2021
101959,Taylor,Johnson,SCH003,2021
101960,Emily,Johnson,SCH002,2023
101961,James,Johnson,SCH005,2023
101962,Maria,Taylor,SCH005,2021
101963,James,Anderson,SCH001,2021
101964,James,Moore,SCH004,2023
101965,Daniel,Garcia,SCH003,2022
101966,Ashley,davis  ,SCH003,2022
101967,Sarah,Davis,SCH002,2023
101968,Daniel,Johnson,SCH001,2023
101969,  DANIEL ,Davis,SCH004,2023
101970,Chris,Wilson,SCH002,2023
101971,James,Smith,SCH001,2022
101972,Chris,Smith,SCH001,2021
101973,David,Moore,SCH004,2021
101974,Ashley,Moore,SCH001,2023
101975,Emily,Wilson,SCH003,2021
101976,Sarah,Garcia,SCH002,2022
101977,Ashley,Johnson,SCH005,2023
101978,Taylor,Wilson,SCH002,2023
101979,Michael,Anderson,SCH005,2022
101980,David,Brown,SCH005,2023
101981,Sarah,Brown,SCH002,2022
101982,David,Miller,SCH005,2021
101983,Daniel,Brown,SCH002,2022
101984,David,Moore,SCH003,2021
101985,James,Smith,SCH004,2022
101986,Sarah,Wilson,SCH001,2023
101987,James,garcia  ,SCH003,2021
101988,Maria,Johnson,SCH001,2022
101989,James,Garcia,SCH004,2023
101990,James,Brown,SCH003,2022
101991,Daniel,Smith,SCH002,2022
101992,David,Johnson,SCH003,2022
101993,Ashley,Johnson,SCH004,2021
101994,Daniel,Davis,SCH005,2023
101995,Taylor,Davis,SCH004,2023
101996,James,Smith,SCH002,2021
101997,Emily,Brown,SCH003,2022
101998,David,Brown,SCH002,2023
101999,James,Davis,SCH003,2023
102000,Daniel,Wilson,SCH001,2022
101574,Michael,Moore,SCH005,2022
100638,Ashley,Taylor,SCH004,2023
101074,Ashley,Moore,SCH002,2023
101936,Sarah,Taylor,SCH001,2022
100714,Daniel,Moore,SCH002,2021
100491,David,Smith,SCH001,2023
100835,James,Miller,SCH001,2022
101206,Emily,Anderson,SCH002,2021
100151,Michael,Wilson,SCH003,2021
100731,Taylor,Moore,,2022
101985,James,Smith,SCH004,2022
100185,Ashley,Anderson,SCH002,2021
101254,Sarah,Anderson,SCH004,2023
100685,James,Moore,SCH002,2023
100986,Michael,Miller,SCH005,2022
100866,Sarah,Anderson,SCH003,2023
100899,Taylor,Garcia,SCH004,2021
100959,  JAMES ,Smith,SCH004,2021
101929,David,Moore,SCH002,2021
101084,Michael,Garcia,SCH004,2023
100945,  JAMES ,Miller,SCH005,2022
101940,Emily,Garcia,SCH001,2023
101762,Emily,Garcia,SCH001,2022
101903,Chris,Anderson,,2021
101142,Sarah,Anderson,SCH002,2023
100296,James,Wilson,SCH002,2022
101923,James,Smith,SCH002,2021
100395,Taylor,Brown,SCH003,2021
100799,Ashley,Miller,SCH002,2023
101476,Chris,Miller,SCH002,2022
101939,Sarah,Garcia,SCH002,2021
101532,Daniel,Brown,SCH001,2022
101490,  MARIA ,Miller,SCH001,2022
101432,Ashley,Taylor,SCH004,2021
101954,James,Wilson,SCH005,2021
